date,temp_max,temp_min,rain,evap,sun,gust_dir,gust_speed,gust_time,temp9,hum9,cloud9,wind_dir9,wind_speed9,pressure9,temp3,hum3,cloud3,wind_dir3,wind_speed3,pressure3
2019-04-01,21.3,26.8,0,7.8,1,W,20,19:00:00,25,64,7,NA,Calm,1013.7,25.6,58,8,NW,6,1013.6
2019-04-02,18.5,29,0,4.4,9.3,E,35,22:59:00,20.8,68,3,S,11,1018,26.6,48,2,WSW,17,1015.4
2019-04-03,18.5,30,0,7,8.6,ESE,31,00:01:00,20.4,67,7,E,11,1017.9,28.6,49,1,NE,11,1013.1
2019-04-04,20.2,23,0,4.4,7.6,SW,46,11:10:00,20.9,74,7,WSW,17,1015.9,21.7,51,3,SW,22,1017.6
2019-04-05,8.8,24.1,0,5.6,10,SW,31,16:37:00,15.7,60,1,SE,15,1026.1,22,40,0,WSW,17,1022.6
2019-04-06,7.2,24.9,0,5.4,10.6,SSW,31,15:53:00,18.3,48,0,SSE,2,1023.3,23.6,39,0,SW,13,1020.1
2019-04-07,11.5,25.9,0,5.6,10.6,SSW,30,16:17:00,17.7,63,1,SSE,11,1023.3,24.3,49,0,SW,13,1018.9
2019-04-08,12,28.2,0,5.4,10.5,ESE,33,21:24:00,18.7,62,1,ESE,9,1020.6,27.3,31,0,ESE,11,1016.6
2019-04-09,15.6,33.6,0,8.2,10.5,NE,33,08:42:00,21.1,52,0,ENE,15,1016.5,32.6,25,0,E,4,1012.8
2019-04-10,13.7,27.8,0,6.4,10.2,SW,22,10:54:00,21.3,68,1,NE,6,1013.7,27.4,50,1,W,9,1012.7
2019-04-11,17.5,25,0,5.4,8,W,28,12:39:00,21.7,61,3,WSW,9,1016.1,24.4,60,5,WSW,13,1015.5
2019-04-12,14.6,27.7,0,5.8,9.4,SSE,30,14:57:00,18.9,62,4,SSE,11,1020.1,26.6,44,4,ESE,11,1016.1
2019-04-13,18,28.8,0,6.6,8.4,WNW,37,12:48:00,24.5,59,1,NNE,19,1014.6,23.6,67,7,W,17,1012.7
2019-04-14,15.6,22.8,0,4.2,5.1,NW,30,13:46:00,21,79,3,NNW,7,1012.1,19.8,90,8,WNW,9,1009.3
2019-04-15,18.5,22.3,8.2,1.6,5.3,WNW,43,06:28:00,19,84,7,W,15,1012.7,20.2,77,7,WNW,11,1011.6
2019-04-16,17.3,22.7,5.6,2.4,4.8,SW,43,12:54:00,19.9,65,2,W,17,1014,18.7,86,6,WSW,9,1015
2019-04-17,12.8,22.3,3,4,9.7,SSE,24,11:40:00,17.2,57,1,E,9,1023.1,21.4,39,1,N,6,1019.8
2019-04-18,12.1,24,0,4.4,8.2,W,31,16:56:00,18.2,53,2,WSW,4,1016.2,22.1,55,4,WSW,13,1012.2
2019-04-19,10.5,17.1,23.4,5.4,6.6,SW,76,01:27:00,11.6,88,7,S,9,1016.8,15.5,50,6,SW,19,1017.9
2019-04-20,5.6,18.4,4,3.4,10.2,SSW,39,21:11:00,11.6,67,1,SE,7,1027.1,17.8,45,3,SW,13,1025.2
2019-04-21,5.7,22.9,0,3.8,10.3,SW,22,16:09:00,13.9,63,2,NE,7,1028.9,22.6,30,1,NE,4,1024.5
2019-04-22,6.9,25.1,0,4.2,10.2,SW,28,15:24:00,17.1,44,0,SSE,9,1024.6,24.6,27,0,SW,11,1021.8
2019-04-23,8.7,27.4,0,3.8,10.3,SW,26,16:50:00,18.8,49,2,E,7,1025.4,25.6,32,0,SW,13,1022.8
2019-04-24,10.9,28.5,0,5,10.3,E,24,09:16:00,19.3,53,0,ENE,11,1027.3,28,27,0,ESE,9,1024
2019-04-25,13.6,28.8,0,5.6,10.2,SSE,28,13:41:00,19.2,61,0,E,9,1026.5,28.6,26,0,E,9,1022.8
2019-04-26,14.7,28.1,0,5.8,10.1,NE,31,13:37:00,21.2,49,0,E,7,1026.2,27.7,24,0,E,13,1022.4
2019-04-27,9.8,28.9,0,5.8,10.1,NE,31,09:45:00,19.6,48,0,ENE,11,1025.5,28.4,21,0,E,9,1021.3
2019-04-28,10.7,30.5,0,5.4,8.6,NE,28,10:00:00,21.9,35,3,NE,11,1021,29,18,7,W,9,1017.6
2019-04-29,14.2,21.7,0,6.2,4.5,SSW,43,11:13:00,17.3,80,8,NA,Calm,1016.2,20.8,55,6,SW,19,1017.8
2019-04-30,6.3,20.6,0,6.2,9.3,SW,37,14:45:00,13.9,67,2,NA,Calm,1023.8,19.8,45,5,SW,19,1021
2019-05-01,9.2,18,0,2.8,6.8,SSE,28,10:07:00,13.2,70,2,SSE,7,1023,16.3,44,7,SE,9,1020.3
2019-05-02,5.5,19.6,0,3.4,9.8,ENE,28,10:15:00,12.6,59,0,E,13,1023.9,19.4,32,0,NE,9,1020
2019-05-03,6.6,27.1,0,4,9.8,NE,31,10:54:00,15.9,41,0,NE,13,1019.9,26.8,19,0,NE,15,1013.9
2019-05-04,11.2,24,2,4.4,7.6,W,31,13:01:00,18.8,96,3,WNW,7,1016.1,22.4,54,2,W,15,1017
2019-05-05,11.3,22,0.2,2.8,3.6,NW,33,23:08:00,18,76,1,NNE,9,1018.6,21.4,64,7,NW,9,1015.8
2019-05-06,16.2,20.4,7.2,2.6,8.8,WSW,48,00:51:00,18.8,53,1,WSW,15,1020.7,18.9,55,3,SSW,17,1021.9
2019-05-07,7.2,21.3,0,3.4,8.6,SW,26,14:39:00,15.7,70,1,NA,Calm,1028.5,20.5,55,2,SW,13,1026.8
2019-05-08,9.5,22.2,0,NA,7.8,SSE,33,12:28:00,15.5,84,7,S,11,1030.5,22,46,1,SE,7,1027.9
2019-05-09,8.1,22.4,0,8.6,9.8,E,30,09:31:00,13.7,62,0,E,9,1034.5,22.2,29,0,ESE,9,1031.1
2019-05-10,7.9,24.2,0,NA,9.8,NE,31,11:29:00,16.1,46,0,ESE,6,1034.8,23.7,26,0,NE,11,1030.4
2019-05-11,6.1,24,0,NA,9.6,NE,22,10:12:00,16.2,48,1,ENE,4,1031.3,23.5,28,6,ENE,6,1026.4
2019-05-12,7.7,24.9,0,NA,9.6,WNW,24,12:34:00,16.2,49,1,NNE,6,1024.5,23.2,44,1,W,9,1020.9
2019-05-13,8.8,22.3,0,4,9.2,SSE,22,13:23:00,15.6,81,1,NA,Calm,1025.3,21.9,45,1,S,11,1022.5
2019-05-14,8.5,28,0,3.2,9.6,ENE,15,04:49:00,15.5,61,1,E,7,1024.1,27.6,21,1,WSW,6,1020.6
2019-05-15,7.8,27.6,0,4.6,6.9,NW,30,14:17:00,17.6,48,7,NE,7,1020.5,23.8,42,6,W,13,1017.9
2019-05-16,14.5,18,0.2,3,0.9,S,43,13:15:00,16,98,8,NA,Calm,1018.6,15,70,7,SSE,19,1021.2
2019-05-17,5.3,16.7,1.8,3.2,8.7,SSE,24,10:04:00,10,67,0,ESE,7,1028.3,15.9,40,3,SE,7,1024.3
2019-05-18,2.1,17.4,0,2.6,9.3,SE,19,12:39:00,9,75,0,ENE,7,1026,17.1,43,1,S,2,1022.5
2019-05-19,1.6,21.2,0,2.4,9.1,NNE,24,11:00:00,10.6,63,1,NNE,7,1021,19.8,31,7,N,7,1015.8
2019-05-20,9.6,20.9,6,1.4,7.8,WSW,28,12:28:00,15.4,99,7,NA,Calm,1016.7,19.1,58,5,SW,15,1017.7
2019-05-21,12.7,20.8,0.4,2.6,5.4,NNE,19,10:35:00,15.1,83,7,N,9,1023.8,19.2,54,2,W,7,1022.1
2019-05-22,6.8,21.8,0,1.6,8.6,WSW,20,14:32:00,13.8,74,1,ENE,7,1023.9,21.1,41,2,WSW,9,1020
2019-05-23,10.4,21.2,0,2.8,5,SW,20,15:35:00,13.5,78,7,NA,Calm,1024.6,20.4,56,6,SSW,9,1022.8
2019-05-24,6.7,21.1,0,3,7.1,SW,24,14:38:00,11.5,93,7,SW,2,1025.2,19.7,55,2,SW,11,1023.4
2019-05-25,7.6,20.5,0,2,9.3,SSE,46,02:29:00,13.9,85,5,ESE,4,1026.5,20.1,52,4,SSW,9,1023.3
2019-05-26,5.3,21.7,0,1.8,9.2,SE,24,12:30:00,13.1,72,0,SE,7,1026.7,20.9,38,0,SE,11,1023.7
2019-05-27,9.9,22.1,0,3.8,9.2,SE,28,02:46:00,13.5,66,0,ESE,9,1027,21.7,31,0,ESE,13,1023.2
2019-05-28,10.7,23.3,0,3.6,9.4,E,30,15:10:00,15.3,55,0,E,9,1024.8,23.1,29,0,ESE,11,1021.4
2019-05-29,9.8,23.3,0,4,8.7,NE,33,11:51:00,14.5,56,0,ESE,6,1025.3,22.8,29,3,ENE,17,1021.9
2019-05-30,12.8,23.6,0,6.6,6.4,NE,43,10:05:00,15.6,49,2,NE,22,1024.5,23.2,28,7,NE,13,1021.3
2019-05-31,13.2,26.5,0,3.4,5.4,N,28,11:28:00,17.1,45,7,NE,9,1025.2,26.1,23,5,NW,7,1024
2019-06-01,7.5,25.5,0,3.8,9.2,NE,24,11:40:00,15.8,51,2,NW,2,1029.9,24.9,20,2,ENE,11,1027.6
2019-06-02,5.9,24.5,0,6,9.4,NE,28,12:28:00,15.8,30,0,ENE,7,1032.2,24,17,1,ENE,7,1029.3
2019-06-03,7.3,23.9,0,2.8,9.2,NNE,30,11:01:00,14.8,40,1,NE,7,1032.2,23.7,20,1,ENE,11,1028.1
2019-06-04,7.2,22.8,0,3.6,9.2,NNE,35,10:15:00,15,52,0,NE,17,1030,22.1,28,1,NE,7,1026.2
2019-06-05,6.1,23,0,5,6.8,NE,37,04:05:00,15.1,35,6,NE,17,1024.1,22,19,7,NNE,17,1020.2
2019-06-06,13.4,22.8,0,7,0,NNW,59,23:29:00,19,17,7,NNE,28,1014.9,22.5,12,8,NNE,19,1009.6
2019-06-07,11.2,19.4,28.4,3.2,5.2,N,52,04:18:00,13.3,99,7,N,11,1010.7,16.4,66,3,WSW,17,1012.2
2019-06-08,10.4,19,6.2,1,4.6,NNW,57,14:59:00,13.6,87,2,N,9,1010.5,16.4,68,7,NNW,26,1004.4
2019-06-09,9.9,17.5,17.2,3.2,5.6,W,50,03:06:00,11.7,82,7,W,15,1010.6,17.2,59,5,W,19,1010
2019-06-10,11.6,19.4,19.8,1,1.7,WNW,48,08:41:00,15.1,91,7,NW,19,1002.9,11.8,83,8,WSW,24,1002.8
2019-06-11,9.4,15.7,17.6,1,3.3,SW,54,03:42:00,10.1,89,7,SSW,7,1010.6,15,80,6,W,7,1013.3
2019-06-12,7.8,18.2,17.6,1.2,5,W,28,09:42:00,11.7,99,6,WSW,6,1022,17.8,50,7,WSW,13,1021.4
2019-06-13,8.1,19.7,1,1,5.8,N,22,12:38:00,11.5,95,7,NNE,9,1023.9,18.7,60,7,WNW,9,1022.3
2019-06-14,8.4,17.6,1.2,3,4.9,SW,20,16:55:00,10.9,99,6,W,9,1024.4,16.4,87,5,SSW,4,1022.2
2019-06-15,7.5,18.6,8.8,0.6,4.3,S,19,04:05:00,12.2,99,7,SSE,4,1026.5,17.7,67,3,SSE,4,1024.9
2019-06-16,10.4,18.1,0,0,5,WSW,28,15:26:00,14,81,3,SSE,7,1027.3,17.7,69,5,WNW,9,1025.2
2019-06-17,9.1,17.3,0.8,1.5,5.6,SSE,19,08:47:00,12.1,78,7,SE,7,1030.7,16.6,50,3,ESE,9,1028.3
2019-06-18,2.8,NA,0,2,9.1,NA,NA,NA,9.4,80,4,ESE,2,1028.9,17.1,44,1,NNE,4,1024.7
2019-06-19,2.1,18.9,0,2,9,NE,22,14:13:00,9.4,79,3,NNE,4,1025.2,18.4,36,1,NE,7,1021.5
2019-06-20,4.4,19.7,0,2.6,5.3,NE,24,23:42:00,9.6,64,7,NE,4,1020.8,18.2,43,7,NE,9,1016.8
2019-06-21,9.6,24.5,0,3.4,8.9,NNE,20,11:35:00,16.1,49,2,E,6,1014.2,24.1,35,2,N,4,1011.7
2019-06-22,14.7,21.3,0.6,2.2,2.8,N,41,17:40:00,16.7,90,7,NNE,11,1011.3,18.7,79,8,NNE,7,1007.1
2019-06-23,13.8,19.9,58,1.6,4,WNW,50,18:21:00,14.8,99,5,NNE,4,1009.8,17.8,75,3,WNW,9,1009
2019-06-24,12.3,19.8,2.6,4.6,5.5,W,28,01:56:00,15.2,81,5,NA,Calm,1020.4,18.6,56,7,WSW,7,1020.9
2019-06-25,14.9,21,0.2,2,4.4,NNE,31,10:56:00,16.6,58,7,NNE,9,1022.2,19.9,50,7,NNW,9,1018.3
2019-06-26,12.2,20.1,1,2,3.6,WSW,50,22:56:00,13.9,97,2,NNE,11,1010.8,19.7,79,6,NNW,17,1005.7
2019-06-27,12.9,17.5,20.6,1.8,3.7,W,48,09:53:00,15.2,65,7,W,17,1009.7,15.3,62,7,WSW,20,1009.3
2019-06-28,7.2,15.8,10,0.8,7.8,SSW,28,00:10:00,10.1,87,5,S,2,1024.1,15.4,57,3,SSW,7,1024.7
2019-06-29,7.4,16.8,0,2.2,2.4,NNW,31,13:00:00,11.6,72,7,NNE,9,1025.9,15.9,66,7,NNW,13,1022.8
2019-06-30,10.6,16,0.4,2,0.2,NNE,22,08:40:00,11.9,84,7,N,7,1020.3,14.8,92,8,N,4,1017.8
2019-07-01,11.9,20.2,9.4,2,5.8,W,17,16:00:00,13.2,99,4,WNW,6,1020.4,18.6,62,2,W,6,1018.9
2019-07-02,6,20.6,0.2,0.8,9.3,W,15,13:08:00,12.2,86,2,W,7,1022,19.5,49,2,W,4,1019.7
2019-07-03,6.1,21.7,0,1.2,9.3,NE,33,12:07:00,12.2,92,0,W,2,1021,21.5,37,0,ENE,15,1015.1
2019-07-04,12,19.1,0,3.4,0,NNE,37,07:24:00,18.8,52,8,NNE,17,1007.3,13.3,99,8,SW,7,1007.5
2019-07-05,8.9,13.5,44.2,4.6,2.8,SSW,30,05:05:00,10.2,87,6,SSE,4,1017.1,12.6,80,4,SSE,2,1017.7
2019-07-06,6.8,18.2,11.2,1,7.9,SW,30,15:36:00,10,94,5,NNE,7,1022.4,16.7,69,5,WSW,11,1021.5
2019-07-07,9.8,19.2,1.6,2.2,8.8,N,24,11:22:00,12.6,86,1,NNE,9,1025.4,18.7,49,1,N,7,1022.5
2019-07-08,5.5,20.5,0,1,8.8,S,24,21:18:00,10.7,79,1,N,7,1025,19.8,59,4,WNW,11,1023.1
2019-07-09,8.8,18.3,0,1.8,6.7,SSW,24,11:38:00,12.3,99,3,NA,Calm,1025.9,17.9,58,3,SW,13,1024.1
2019-07-10,9.7,18.1,0.2,2,1.1,SSW,24,12:50:00,13.2,97,7,NA,Calm,1026.8,17.3,59,8,SW,11,1025.3
2019-07-11,10.6,18.6,0,0.8,5.8,SSW,20,16:36:00,13.4,85,7,NA,Calm,1029.7,17.9,64,5,SSE,9,1028.1
2019-07-12,4.4,18.7,0,0.6,9.2,SE,24,16:56:00,11,96,2,S,2,1032.2,18.1,56,1,SE,9,1030.1
2019-07-13,6.7,19.1,0,2.2,9.1,NE,26,13:25:00,12.9,82,4,ESE,6,1034.7,18.9,50,1,E,9,1031.6
2019-07-14,5.8,19.3,0,3,9.2,NE,31,14:07:00,11,69,0,E,7,1033.7,18.8,42,0,E,9,1030.3
2019-07-15,6.4,19.8,0,3.2,9.2,NE,33,10:02:00,13.4,59,0,ENE,11,1031.9,19.6,42,0,NNE,11,1028.1
2019-07-16,3.8,21.9,0,1.8,9.2,SSW,20,13:56:00,12.1,69,0,ENE,6,1030.1,20.4,32,0,SW,9,1026.9
2019-07-17,3.3,22.4,0,3.4,9.2,SW,44,05:24:00,10.8,75,0,SW,7,1024.4,21.5,35,0,NW,9,1021.2
2019-07-18,8.6,20.7,0.8,1.6,2.4,NNE,19,09:23:00,12.9,84,5,WSW,7,1021.1,20.3,63,7,WNW,7,1017.4
2019-07-19,12,19.4,5,2.8,4.2,WNW,56,15:44:00,13.6,99,7,NNE,7,1011.7,17.7,81,8,NNW,19,1005.3
2019-07-20,8.8,17.7,13.2,2,6.4,W,48,01:19:00,11.8,92,5,SSE,4,1017.8,15.8,69,6,WSW,11,1019.1
2019-07-21,11.8,19.2,5.8,0.4,2.9,W,43,03:53:00,16.2,76,7,WSW,9,1018.8,17.9,59,7,W,15,1017.1
2019-07-22,12.5,17.4,3.6,2.6,3.4,SW,30,00:18:00,13.9,78,7,NA,Calm,1020.6,16.9,57,2,SW,13,1021.2
2019-07-23,7.4,19,0.2,1.4,4.9,SW,17,13:53:00,12.1,81,1,S,7,1026.3,18.2,68,7,SW,9,1024.3
2019-07-24,7.1,20.8,0,1,8.1,NE,22,09:47:00,12.3,87,1,S,9,1025.6,20.1,55,4,WNW,11,1021.3
2019-07-25,11,17,2.6,3,2.3,SSE,20,10:57:00,13,99,7,S,11,1025.2,17,62,8,S,6,1023.6
2019-07-26,10.8,15.9,0,2,0.2,E,22,00:35:00,11.9,80,8,ENE,9,1022.6,15.8,68,8,NE,9,1019
2019-07-27,11.4,20.3,10.4,1.4,5.5,SW,20,15:37:00,12.4,98,7,NE,6,1020.3,19.9,49,5,WSW,2,1017.6
2019-07-28,10.2,19,0.2,2.8,9.2,SSE,26,15:39:00,12.3,81,5,SSE,9,1024.7,18,51,4,SSE,11,1023.4
2019-07-29,7.3,17.3,0,2,9.4,SE,26,14:33:00,11.9,79,1,ESE,11,1028.3,16.6,63,1,ESE,11,1025.7
2019-07-30,7.7,23.2,0,2.2,9.4,NE,24,10:16:00,13.9,75,1,ESE,7,1026.9,22.3,44,1,N,2,1024.9
2019-07-31,6.7,22.9,0,2,8.7,NE,22,09:51:00,14.2,81,0,NA,Calm,1030.6,21.6,33,2,NE,11,1029.1
2019-08-01,5.7,20.8,0,3.2,9.7,NE,35,12:19:00,12.7,59,0,ENE,7,1032.4,20.5,31,0,ENE,9,1028.9
2019-08-02,6.1,24.9,0,2.4,9.6,NE,35,10:56:00,16.2,46,5,NE,17,1025.7,24.3,33,3,ENE,13,1020.8
2019-08-03,12.1,22.3,0,5.2,3.9,NW,31,15:18:00,16.2,54,5,NE,7,1020.2,21.2,71,6,NW,15,1018.4
2019-08-04,12.8,19.6,1.6,1,3.2,W,24,13:39:00,14.5,99,7,NNW,6,1023.1,18.3,70,7,NW,9,1020.4
2019-08-05,12.1,18,0.2,1.4,4.7,NNW,24,10:23:00,14.7,81,3,N,11,1018.2,14.4,91,7,SSE,9,1016.6
2019-08-06,8.2,16.4,14.4,2.8,8.6,SW,31,15:18:00,12,90,4,SE,6,1020,15.5,67,5,SW,15,1020.4
2019-08-07,5.5,16.5,1,1.8,7.9,SW,30,12:56:00,11,82,1,SSE,6,1027.7,15.7,57,7,SSW,11,1025.9
2019-08-08,6.4,15.8,0,2,3.8,SSE,20,15:08:00,11.7,73,6,S,6,1029,15.3,81,7,SW,2,1026.8
2019-08-09,5.5,18,2.6,1,6.1,E,20,09:17:00,10.2,91,7,SE,7,1030.8,17.7,59,5,E,6,1028.1
2019-08-10,4.7,19,0.2,1.8,9.3,NE,28,11:38:00,11.2,83,2,ENE,9,1030.9,18.5,56,4,ENE,9,1027.2
2019-08-11,10.2,22.5,0,3.2,9.8,NNE,33,11:30:00,15,59,0,NE,13,1025.6,22,42,1,ENE,9,1021.9
2019-08-12,10.2,24.7,0,3.2,9.8,NE,33,10:32:00,16.6,48,0,NE,20,1022.4,24.4,27,1,NE,13,1017.7
2019-08-13,11.4,20.3,4.2,3,5.2,W,31,13:12:00,17,96,7,N,4,1015.9,18.7,61,4,WSW,15,1015.2
2019-08-14,10.9,17.3,4.8,4.2,5.2,SW,44,15:36:00,14.1,94,7,NNE,6,1013.8,15,75,8,SW,22,1012.8
2019-08-15,5,17.6,2.4,2.4,9.9,S,24,01:06:00,10.2,82,0,NA,Calm,1024.7,17.3,44,3,SSW,11,1022.7
2019-08-16,7.7,17.9,0,1.6,3.5,NW,54,15:46:00,12.9,64,7,N,13,1020.2,17.4,60,4,NW,19,1014.9
2019-08-17,6.7,16.1,26.6,7,8.3,SW,52,00:10:00,11.3,75,1,S,2,1025,13.7,64,6,SW,15,1027
2019-08-18,3.1,18.6,0,2.4,9.9,SE,20,12:13:00,11.1,76,1,NA,Calm,1033.8,17.5,42,5,SSE,6,1032.3
2019-08-19,3.3,19.5,0,2.4,10.3,NE,24,11:26:00,12.2,73,0,SSW,2,1037.2,18.9,34,0,NE,9,1033.3
2019-08-20,4.6,22.8,0,2.6,10.8,NE,26,10:43:00,13.6,62,0,ENE,9,1035.1,22.6,31,0,ESE,6,1030.5
2019-08-21,6.2,23.5,0,4.8,10.8,NNE,35,11:07:00,16.6,36,0,NNE,7,1027.2,23.1,26,0,NNE,13,1022.6
2019-08-22,7.7,26.4,0,4.2,9.1,NW,50,13:30:00,17,30,0,NE,15,1017.3,21.7,48,7,NW,15,1014.9
2019-08-23,10.3,15.8,18.8,3.4,6.9,SW,41,11:01:00,13.9,65,6,SW,17,1020.6,15.1,56,6,SW,19,1022
2019-08-24,3.6,16.9,0.2,2.6,10.4,ENE,22,09:07:00,10.9,74,1,E,9,1028.6,15.9,48,1,E,11,1025.4
2019-08-25,5.5,20.2,0,2.2,10.2,SSE,24,14:08:00,12.5,66,6,ESE,9,1026.8,19.5,35,3,SE,9,1023.3
2019-08-26,5,20.7,0,3.2,10.6,SE,22,13:07:00,12.8,61,0,E,11,1027.3,20.1,34,0,E,9,1024.4
2019-08-27,6,23.3,0,7.6,9.9,NE,22,09:12:00,16.2,46,1,ENE,11,1023.3,22.7,29,4,ENE,7,1019.8
2019-08-28,9.1,30,0,4,10.4,NE,35,09:59:00,20.5,31,1,NE,13,1018,27.2,31,3,WSW,9,1015.1
2019-08-29,11.1,21.5,0,5.6,3,NNW,63,16:20:00,18.8,80,7,N,15,1010.2,20.9,63,8,NNW,20,1008.5
2019-08-30,13.8,19.6,28,3.8,8.3,WSW,46,10:13:00,16,62,5,W,17,1010.7,18.1,49,4,WNW,17,1011.9
2019-08-31,12.3,19.2,9.2,4,10.5,WSW,48,00:25:00,17.1,52,2,W,13,1014.7,18.3,50,2,W,13,1015.3
2019-09-01,11.7,19.1,0.2,4,3.4,WNW,52,13:36:00,16.5,76,7,N,15,1011.5,15.6,87,8,W,19,1011.3
2019-09-02,9.4,20.2,13.8,3.8,5.9,NW,43,12:56:00,17.8,59,4,NW,11,1016.8,19.2,55,6,NW,20,1015.4
2019-09-03,12.2,18.2,3.6,2.2,6.9,SW,31,08:50:00,16.2,61,1,WSW,17,1018.7,17,51,4,WSW,13,1017.7
2019-09-04,11.5,17.4,1.4,3.6,4.2,SW,39,11:10:00,14,62,6,WSW,17,1022,15.2,55,3,SW,17,1022.1
2019-09-05,3.2,16.9,0,3.2,10.2,SE,26,11:11:00,11.6,53,0,E,9,1026.8,16.5,36,0,SE,9,1023.9
2019-09-06,4.1,20.2,0,2.4,10.6,NE,30,09:30:00,13.1,47,0,NE,11,1024.5,19.7,27,0,SSW,6,1021
2019-09-07,2.5,20.8,0,3.4,10.5,SW,37,16:17:00,13.1,55,0,NA,Calm,1024.9,20.7,52,1,SSW,13,1022.6
2019-09-08,6.8,25.1,0,5.2,10.6,ENE,24,07:19:00,15.8,65,0,E,9,1026.3,23.6,44,0,SW,11,1021.7
2019-09-09,8.3,33.1,0,3.6,10.6,NE,30,10:59:00,20.5,43,0,SE,2,1019,32.7,14,1,NW,9,1014.4
2019-09-10,10.5,28,0,7.8,10.4,WSW,30,14:19:00,20,50,0,ENE,6,1016.3,22.3,68,1,W,15,1015.4
2019-09-11,13.3,23.5,0,2.4,9.5,W,24,13:06:00,20.1,79,3,NNW,6,1022.6,22.4,63,3,W,11,1022.5
2019-09-12,11.5,25.3,0,3.4,10.4,SW,30,15:22:00,19.1,75,1,NE,7,1024.4,23.3,57,1,WSW,11,1023.4
2019-09-13,12.2,26.7,0,4.6,10,WSW,20,12:50:00,19.8,73,3,S,6,1023.9,23.9,51,7,W,7,1021
2019-09-14,14.9,24.3,0,4.2,8.6,S,28,20:55:00,20.5,73,7,SSW,6,1023.9,22.5,69,7,SW,13,1021.6
2019-09-15,11.3,21.7,0,3.4,10,SSE,28,02:27:00,17.5,65,1,S,6,1024.8,21.1,58,5,WSW,11,1022.2
2019-09-16,13.3,26.6,0,6.8,9.6,E,35,02:29:00,18.8,53,5,ENE,15,1021.1,26.4,42,6,NNE,4,1017.4
2019-09-17,12,22.6,0,3.8,7.2,SW,30,15:41:00,19.1,85,7,N,6,1017.3,22,60,6,WSW,15,1016.3
2019-09-18,10.6,21.8,0,5.4,5.2,W,48,18:50:00,20,57,4,WNW,13,1016,17.4,91,7,NW,15,1012.8
2019-09-19,9.9,15.6,11.4,1.8,8.1,SW,50,06:00:00,10.6,82,6,S,13,1020.7,15.2,51,6,SSW,20,1022.4
2019-09-20,3,18,1,2.6,9.8,SW,31,16:44:00,13.2,59,1,SSE,11,1029,16.8,42,2,SW,15,1026.4
2019-09-21,5.6,18.8,0,3.6,10.1,SW,31,15:37:00,14.5,53,0,ESE,9,1030.8,17.7,47,2,SW,17,1028.3
2019-09-22,5.3,20.6,0,4.6,11.1,SSW,28,17:23:00,14.2,63,1,ESE,9,1032.5,19.9,41,1,E,7,1029.2
2019-09-23,8.4,26.5,0,3.8,10.7,NE,28,10:16:00,17.3,45,2,NE,13,1028.5,25.6,23,7,NE,9,1023.7
2019-09-24,10,28.4,0,5.6,11.1,NNE,37,09:39:00,23.6,23,1,NNE,17,1019.2,24.4,31,1,WSW,17,1017.6
2019-09-25,9.8,23.2,0,7.6,6.2,WSW,28,13:05:00,14.8,99,8,NNE,7,1020.3,21,62,6,WSW,11,1018.8
2019-09-26,11.3,22.8,0,4.6,9.8,SW,30,15:05:00,18.1,59,2,SSE,11,1021.8,20.9,41,5,WSW,13,1020.3
2019-09-27,9.6,22.1,0,6.4,11.1,SW,31,16:38:00,18,61,1,E,11,1020.9,20.8,54,1,SSW,15,1018.5
2019-09-28,10.4,23.4,0,4,11.7,SSW,30,15:32:00,16.4,72,0,S,9,1022,21.1,57,1,SW,17,1019.7
2019-09-29,11.9,31,0,4.4,11.2,NE,26,13:29:00,20.8,57,0,E,11,1020.5,28.8,38,1,WSW,9,1016
2019-09-30,14.9,24,0,5.6,9.8,WSW,30,14:41:00,21.1,69,6,W,4,1017.1,21.5,58,2,W,15,1016.8
2019-10-01,11.7,22.5,1.8,4.8,9.8,SW,24,14:24:00,17.7,63,7,SE,9,1021.9,21.4,44,5,W,11,1019.8
2019-10-02,8.5,23.5,0,5.2,11.1,SSW,26,14:20:00,17.9,58,7,NNE,6,1020.9,22.3,43,4,SW,15,1019.3
2019-10-03,9.3,26.3,0,5.2,9.1,SW,28,14:59:00,19.1,58,5,ENE,11,1019.2,24.2,46,7,SW,19,1014.1
2019-10-04,15,20.3,1,6.2,4.7,N,67,13:40:00,18.9,65,6,N,17,1009.6,15.4,95,8,N,26,1002.4
2019-10-05,14.2,20.4,NA,4,9.5,SW,33,02:17:00,16.7,67,5,SSW,15,1021.3,19.2,59,7,SW,17,1021
2019-10-06,11,21.3,0,4.2,7,SW,37,15:53:00,15.2,69,7,SSE,9,1025.9,20.3,47,6,SW,17,1023.3
2019-10-07,10.7,25.3,0,3.2,11.5,E,28,08:03:00,17,52,0,ESE,11,1026,24.4,28,5,ENE,9,1021.5
2019-10-08,12.8,30.8,0,7.2,11.5,ENE,31,09:55:00,21.1,42,2,ENE,13,1019.4,30.2,25,7,S,9,1014.9
2019-10-09,12.4,28.9,0,6.6,11.6,W,22,11:41:00,22.1,54,1,WSW,2,1014.9,26.3,45,1,W,13,1013.9
2019-10-10,12.6,23.9,0,6.4,9.2,WSW,30,15:19:00,19.2,74,5,NNE,4,1017.8,22.7,50,2,W,13,1017.3
2019-10-11,12.6,21.1,0,5.6,0,SW,26,13:25:00,17.7,93,7,NNE,6,1017.9,19.6,64,7,SW,13,1016.5
2019-10-12,13.5,21.2,3.2,1,10.2,SSW,33,15:56:00,16.8,65,1,SSE,15,1018.6,19.9,43,2,SW,17,1016.5
2019-10-13,9,20.9,0,6.2,11.3,W,28,16:41:00,17.3,59,5,NE,7,1019.4,20.4,47,2,W,13,1016.8
2019-10-14,14.1,20.8,0.8,5.6,10.7,SSW,37,14:37:00,17.3,59,5,S,13,1019.9,18.9,48,3,SW,20,1019.1
2019-10-15,6.5,19.5,0,6.6,11.5,SW,37,16:24:00,15.1,49,4,S,17,1024.4,18.5,44,5,SSW,19,1022.7
2019-10-16,6.8,21.2,0,5.6,11.9,SW,35,16:27:00,16.4,54,3,S,9,1025.8,19.9,38,1,SW,17,1022.9
2019-10-17,9.8,22.1,0,5.2,11.6,SSW,39,15:30:00,16.2,56,7,S,7,1022.8,20.5,49,5,SSW,20,1019.4
2019-10-18,9.9,25.4,0,6.8,11.7,E,31,23:34:00,16.9,54,2,ESE,13,1021.7,24.5,31,8,SSE,17,1018.1
2019-10-19,12.2,32.3,0,8,11.6,ESE,46,01:40:00,19.9,48,1,E,15,1017.6,31,20,5,E,15,1012.6
2019-10-20,15.9,23.9,0,8.2,9.9,NW,33,13:23:00,21.7,66,7,NW,11,1015.6,22.4,60,5,WNW,17,1016.1
2019-10-21,11.9,23.9,0,6.2,11.1,W,30,13:09:00,19.6,62,3,SSW,9,1020.1,22.4,53,0,SW,15,1018.7
2019-10-22,13.1,25.6,0,6.4,12,WSW,35,15:49:00,20.9,57,0,NE,2,1019.4,24.8,49,0,WSW,13,1016.5
2019-10-23,12.8,23.5,0,7.6,8.2,WSW,37,23:42:00,20.8,61,5,WSW,13,1017.9,19.5,72,7,W,17,1016.1
2019-10-24,12.9,20.4,2,5.6,12.2,WSW,37,16:31:00,16.7,55,2,SSW,11,1020.5,19,42,1,SSW,17,1020.4
2019-10-25,11.3,23.4,0,4.6,11.8,SSW,33,16:18:00,17.9,57,4,S,13,1022.9,21.6,51,1,SW,15,1019.7
2019-10-26,12.1,28.9,0,6,11.1,SSE,50,04:33:00,21.3,56,0,ESE,9,1021,26,45,3,SSW,19,1017
2019-10-27,15.8,36.5,0,10.4,12,NE,35,09:27:00,27.3,29,0,NE,19,1014.8,34.7,12,0,WSW,13,1010.7
2019-10-28,16.7,22.7,0,11.2,9.3,SW,39,13:27:00,19.7,65,7,SSW,17,1015.1,22.1,56,8,SW,22,1015.5
2019-10-29,13.8,26.8,0,5.4,11.6,SW,28,13:44:00,19.7,56,7,ESE,11,1016.8,23.6,47,7,SW,13,1012.8
2019-10-30,13.9,22,0,6.4,3.7,NNW,56,14:33:00,19.3,68,7,NW,17,1009.5,20.7,72,8,NNW,20,1005.5
2019-10-31,11.2,17.9,9,5.2,8.9,WNW,52,11:08:00,16.7,47,4,W,19,1008.1,17.5,47,4,W,20,1008.9
2019-11-01,10.9,19.6,5,6.2,8,SW,52,21:41:00,15.5,66,7,W,19,1011.2,17.9,56,5,W,19,1011.1
2019-11-02,12.4,21.2,13,6.6,11.2,SSW,35,13:18:00,16.9,63,6,SW,11,1018,20.1,48,4,WSW,17,1018.9
2019-11-03,12.6,22.5,0,2.4,8.1,SSW,30,17:04:00,17.8,60,7,ESE,7,1024.3,21.5,48,3,SSW,13,1023.1
2019-11-04,9.4,26.3,0,5.6,12.4,SW,28,15:17:00,19,59,0,NE,9,1025.1,23.5,47,0,WSW,17,1022.7
2019-11-05,9.6,24.6,0,4.3,12.6,SW,37,14:45:00,19.5,61,0,SSE,9,1025.4,23.1,54,1,SW,13,1022.8
2019-11-06,10.9,24.6,0,6.8,12.7,SSW,35,14:56:00,18.4,51,1,SSE,11,1024.8,22.3,52,2,SSW,19,1020.9
2019-11-07,13.8,26.5,0,7.8,12.7,SSW,35,16:08:00,19.3,51,3,E,11,1022.5,25.2,49,0,SW,13,1019.3
2019-11-08,15,32.4,0,10,12.9,ESE,33,07:12:00,21.3,39,0,E,13,1022.3,31.6,18,0,ESE,11,1017.5
2019-11-09,19.9,39.1,0,12.6,11.8,ENE,43,09:30:00,29.6,21,2,NE,19,1013.1,33.9,17,6,NW,17,1008
2019-11-10,19.4,24,0,10,9,NW,33,07:46:00,20.6,78,8,WNW,11,1012.3,22.6,61,2,W,11,1012.5
2019-11-11,15.2,29.7,0,5.6,11.6,ESE,37,23:46:00,19.6,55,1,E,11,1016.8,28.8,26,1,SE,13,1014.9
2019-11-12,13.5,30.3,0,9.8,12.8,E,37,06:54:00,19.5,41,0,ESE,20,1022,29.4,26,0,SE,13,1019.3
2019-11-13,16.2,35.7,0,12,12.7,E,31,01:18:00,24.8,35,0,E,9,1020.5,34.9,19,0,SSW,15,1016.6
2019-11-14,16.4,37.7,0,11.4,12.7,SW,33,14:09:00,30.8,21,0,ESE,4,1016.1,35.3,18,1,SSW,13,1012.4
2019-11-15,19.8,38.4,0,14.8,12.5,E,37,06:56:00,26,36,1,SE,13,1014.5,37.5,16,1,SSE,9,1011.1
2019-11-16,19.1,40.4,0,14,12.7,E,31,06:13:00,27.5,41,1,E,11,1014.1,32.6,34,0,W,13,1012.5
2019-11-17,17.1,28.6,0,9,10.4,SW,26,12:01:00,24.7,66,1,SW,7,1016.8,27,53,0,W,13,1015.9
2019-11-18,17.5,32,0,9.8,11.3,SW,37,15:22:00,25.9,40,1,SE,9,1016.2,28,47,7,SSW,19,1012.6
2019-11-19,17.6,25.4,0.2,8.8,9.2,SW,39,15:27:00,22.8,50,7,W,9,1009.7,22.1,59,6,SW,19,1010
2019-11-20,15.7,20.8,0.2,6.8,12,WSW,52,10:58:00,18.5,48,4,SW,20,1015.8,19.8,35,1,SW,19,1017.1
2019-11-21,8.8,23.8,0,9,13.1,SSW,35,16:30:00,18.9,42,1,SE,6,1020.9,21.8,35,1,SW,19,1018.1
2019-11-22,12.7,26.2,0,10,9.7,SW,33,16:53:00,18.1,60,6,SE,11,1020.6,24.1,50,1,WSW,15,1018.2
2019-11-23,16.4,30.2,0,7.6,13.2,SW,39,15:34:00,23.8,46,0,E,9,1018.9,28.4,36,1,SW,17,1015.4
2019-11-24,16.1,28.1,0,11.2,10.2,SSW,44,13:34:00,24.5,41,6,SSE,11,1015.2,24.8,43,7,SSW,20,1013.4
2019-11-25,16.2,29,0,9,13,SW,31,15:12:00,22.4,54,1,E,11,1018,25.9,44,0,SW,13,1015.7
2019-11-26,14.2,34.4,0,9.2,13.1,SSW,35,17:06:00,23.7,38,0,E,9,1017.1,32.5,21,0,SSW,15,1012.2
2019-11-27,17.6,34.2,0,11.6,12.6,SE,39,22:27:00,24.9,26,2,SE,13,1015.4,33.1,20,5,SSW,13,1012
2019-11-28,16.8,29.4,0,10,12.8,SSW,43,17:16:00,21.3,50,1,SE,13,1018.3,27.8,34,0,SW,19,1015.7
2019-11-29,13,27.8,0,10,13.3,SE,39,23:47:00,19.3,45,1,ESE,11,1024.7,27,25,0,SE,17,1021.3
2019-11-30,13.1,29.6,0,10.4,13.2,ESE,37,06:11:00,18.8,39,0,ESE,17,1027.8,28.3,18,0,SE,15,1023.4
2019-12-01,13.6,32.9,0,9.8,13.3,ESE,39,00:03:00,21.5,40,1,E,13,1025.9,32.1,14,0,ESE,11,1021.3
2019-12-02,19.3,35.6,0,10.2,13.2,SW,33,17:42:00,26.8,44,0,E,13,1019.9,34.8,25,0,S,11,1015.3
2019-12-03,20.6,41.6,0,13.2,13.2,SW,35,13:49:00,33.3,22,0,NE,20,1011.8,37.3,16,1,WSW,20,1009.3
2019-12-04,19.4,37.6,0,11.6,12.8,SW,37,15:03:00,31.5,30,5,S,7,1012.1,33,28,2,SW,20,1011.4
2019-12-05,19.5,39.2,0,13.8,13.1,S,33,13:16:00,30.2,32,0,ESE,9,1014.7,37.1,21,0,SW,15,1010.9
2019-12-06,24.6,38.9,0,15.8,9.7,WNW,37,14:41:00,32.5,30,8,ENE,17,1008.3,31.1,35,7,WNW,20,1006.1
2019-12-07,18.4,26.5,0,10.4,8.6,WNW,41,10:44:00,23.6,72,7,NW,17,1010.2,22.8,61,7,W,13,1011.2
2019-12-08,16.2,25.1,0.4,6,13.2,SW,39,14:21:00,21,52,2,S,15,1019,22.6,46,1,SW,22,1019.1
2019-12-09,13,29.9,0,9.8,13.2,SSW,37,15:58:00,22.1,47,0,SE,9,1022,26.3,42,0,SW,19,1018.9
2019-12-10,13.8,36.3,0,9.6,12.5,S,41,21:25:00,24.5,43,2,ESE,7,1019.1,33,24,4,SSW,17,1015
2019-12-11,18.5,37.6,0,12,12.1,SE,39,14:49:00,26.5,34,0,ENE,15,1017.2,36.7,12,1,SE,15,1014.1
2019-12-12,20,39,0,17.6,13.2,E,37,04:49:00,28.5,32,1,E,11,1018.4,37.5,10,2,ESE,11,1015.4
2019-12-13,20.7,40.1,0,15.6,13.2,SSW,41,18:57:00,32.9,16,1,NE,19,1016.5,38.2,11,0,SSW,19,1013
2019-12-14,21.1,41,0,15.2,13.2,SSW,37,14:58:00,33.9,18,0,NE,13,1011.2,37.2,10,0,SSW,20,1008.5
2019-12-15,21.8,40.9,0,17.8,12.8,SW,39,14:22:00,33.4,19,0,ENE,13,1005.6,36.2,18,1,SSW,20,1004
2019-12-16,21.6,38.5,0,15,13,SSW,50,10:11:00,32,21,1,S,9,1006.8,34.6,18,1,W,15,1006
2019-12-17,19.8,34.3,0,12,12.3,SW,39,16:30:00,31.3,26,1,S,6,1010.7,30.8,37,3,SW,19,1010
2019-12-18,20.3,NA,0,13.6,13.2,NA,NA,NA,28.8,33,0,ENE,6,1010.6,31.6,24,0,WNW,13,1009.1
2019-12-19,18.9,25.1,NA,9.8,7.6,WSW,46,13:50:00,24.2,65,8,NNW,11,1011,24,49,5,W,19,1012.6
2019-12-20,17.4,25.8,1.8,7.6,7.6,SSW,37,14:20:00,21.4,59,6,SSW,9,1018.7,24.5,45,1,SSW,19,1017.1
2019-12-21,15.6,34.5,0,6.8,12.9,SSW,37,17:17:00,24.8,42,0,ENE,13,1015.7,29.3,41,0,WSW,19,1011.9
2019-12-22,18.3,28.4,0,10.8,7.8,SSW,33,15:07:00,22.1,63,7,SSW,9,1013.6,25.8,61,7,WSW,17,1012.1
2019-12-23,16.4,31,0,7.8,12.9,SW,33,16:35:00,25.8,49,3,ESE,7,1014.3,28.6,46,6,WSW,17,1013
2019-12-24,19,32.5,0,10.2,12.7,SW,37,16:32:00,25.3,44,1,S,9,1016.8,29.9,42,1,SW,19,1014.2
2019-12-25,21.5,35.7,0,10.8,9.4,E,30,03:00:00,26.2,42,7,ESE,7,1013.7,34.4,30,6,WSW,13,1010.9
2019-12-26,18.9,28.5,0,7.4,9.8,SSW,31,17:48:00,24.7,71,1,NE,9,1013.6,27.7,56,7,W,13,1012.3
2019-12-27,18.6,27.3,0,10.2,13,SW,41,15:33:00,23.1,58,2,SSW,13,1016.9,25.3,45,1,SSW,24,1015.4
2019-12-28,16.1,27.4,0,10.8,13.3,SSW,35,15:53:00,22.5,53,0,S,13,1016.9,25.8,50,0,SW,19,1014.4
2019-12-29,16.7,25.8,0,7.6,11.5,SW,37,13:40:00,24.1,56,3,W,11,1013.1,24.8,49,7,WSW,19,1013.7
2019-12-30,15.8,24.9,0.2,8.8,12.3,WSW,43,16:35:00,21.3,45,6,S,13,1018.6,23.1,38,0,SW,20,1017.6
2019-12-31,12.9,29.6,0,10.6,13.2,SW,37,17:39:00,22.6,44,0,SE,11,1017.5,27.4,40,0,SW,17,1014.1
2020-01-01,17.3,30.5,0,11.8,13.2,SW,41,16:32:00,25.6,40,1,ENE,7,1012.8,27.5,46,0,SSW,19,1010.7
2020-01-02,17.3,24.2,0,11.4,9.1,SSW,44,15:07:00,24.1,49,6,SSW,13,1013.3,22.8,53,6,SW,19,1013.1
2020-01-03,13.5,22.1,1.6,7.2,11.9,SW,44,15:44:00,18.1,57,5,S,15,1019.6,20.4,42,3,SSW,24,1017.5
2020-01-04,12.7,27.6,0.2,10,13.2,SSW,37,16:12:00,18.7,38,0,E,13,1022,24.5,28,1,SW,13,1017.2
2020-01-05,13,35.3,0,9.8,13.2,NE,35,08:46:00,27.6,27,0,NE,20,1014,33.9,13,0,WSW,17,1011.3
2020-01-06,15.8,33.6,0,11.2,13.3,SW,39,17:29:00,27.7,29,1,SSE,7,1011.3,31.7,28,1,WSW,15,1009.5
2020-01-07,15.9,31.7,0,12.2,13,SSW,31,22:50:00,26,34,1,N,6,1007.8,30,29,1,SW,13,1006.2
2020-01-08,18.6,28.9,0,10.8,13.2,SW,44,14:55:00,24.8,53,0,SSW,17,1007.8,26.3,40,1,SW,24,1007.2
2020-01-09,17.3,26,0,11,12.7,SW,48,14:43:00,22,48,1,SSW,17,1012.9,24,47,0,SW,28,1011.4
2020-01-10,15.8,32.1,0,14.6,13.1,E,39,08:13:00,21.6,41,0,ESE,13,1019.5,31.2,16,0,E,15,1016.5
2020-01-11,17.7,35.7,0,11.8,13.1,NE,37,10:27:00,25.2,35,0,ENE,17,1017.2,34.4,17,0,E,13,1011.8
2020-01-12,17.3,32.2,0,11.4,13.2,SSW,43,17:09:00,29.6,33,0,NNW,9,1011,29.2,37,0,SW,22,1010.5
2020-01-13,18.3,33.3,0,11.8,13.1,SW,33,17:51:00,23.7,53,0,SE,9,1013.6,31.2,39,0,SW,13,1009.5
2020-01-14,20.5,33.4,0,10.8,13.1,SW,43,16:26:00,26.3,51,1,ESE,7,1011.2,31,42,1,SSW,15,1008.7
2020-01-15,19.6,34.2,0,11,12.4,ENE,35,09:14:00,24.6,58,1,ENE,19,1013.7,32.7,38,0,SE,11,1010.8
2020-01-16,20,35.2,0,11.8,12.1,SSW,43,15:15:00,26.6,53,1,ESE,13,1012.6,32.7,40,3,SW,19,1009.3
2020-01-17,22.5,28.2,0,11.8,4.9,SW,28,19:57:00,25.3,63,7,NA,Calm,1010,27.5,56,5,SW,13,1010.1
2020-01-18,19.4,30.9,0,6.2,13.1,SSW,39,15:13:00,23.3,55,1,SE,15,1015,28.9,39,0,SW,19,1012.4
2020-01-19,17,30.6,0,13.4,13,SSW,43,16:03:00,21.7,47,0,ENE,17,1017.1,28,36,0,SW,19,1013.2
2020-01-20,14.6,31,0,9.4,13,SSW,39,17:14:00,24.3,46,0,SSE,7,1012.7,29.3,39,0,SW,17,1010.1
2020-01-21,17.1,25.5,0,10.2,8.1,SW,43,13:53:00,21,69,7,SW,17,1013.8,22.7,60,5,SW,20,1012.7
2020-01-22,14.2,24.4,0,8.4,9.1,SW,46,15:18:00,20,56,7,S,11,1017.9,22.7,58,5,SSW,19,1015.8
2020-01-23,18,27.2,0,7,12.6,SSW,43,17:40:00,21.9,63,1,SSW,9,1018.1,26.6,52,0,SW,19,1015.6
2020-01-24,15.1,32.3,0,8,13.1,SW,33,16:45:00,25.3,49,0,ESE,9,1017.8,31.2,32,0,WSW,15,1015.1
2020-01-25,18.1,32,0,10.8,12.6,SSW,33,16:06:00,25.1,55,1,ESE,9,1016,29.8,45,1,WSW,17,1013.3
2020-01-26,19.5,36.3,0,11.2,13.1,SSW,37,16:18:00,27,48,2,ESE,9,1014.8,32.6,40,4,SW,17,1011.9
2020-01-27,22.6,39.9,0,13.8,13,SW,33,17:18:00,30,35,4,ESE,9,1012.4,38.7,21,1,WSW,13,1009.4
2020-01-28,19.6,35.2,0,11,13,SSW,35,13:11:00,30.8,38,0,S,6,1009.6,31.2,37,0,SW,20,1007.9
2020-01-29,18.8,27.2,0,10.8,12.6,SW,35,13:00:00,23.4,62,0,SSW,9,1010.1,25.9,55,1,WSW,17,1007.8
2020-01-30,18.6,23.9,1.2,9.4,11.4,SW,43,16:48:00,19.8,64,5,SSW,22,1009.3,22.8,45,2,SW,20,1009.1
2020-01-31,12.9,24.2,0,10,12.7,SSW,44,15:05:00,19.5,45,1,SSE,11,1014.8,23.1,37,2,SW,20,1014.1
2020-02-01,14.6,27.4,0,11.2,11.8,SW,37,17:18:00,20.4,45,5,ESE,11,1021.4,24.9,45,3,WSW,20,1017.7
2020-02-02,17,34.8,0,9.8,12.9,SSE,37,15:28:00,23.4,45,0,E,13,1020.3,33.1,20,0,SE,15,1015.4
2020-02-03,18.2,38.4,0,13.4,12.8,ESE,39,03:13:00,24.8,45,0,E,15,1016.8,37.2,19,0,E,11,1012.3
2020-02-04,22.6,42.7,0,14,10.6,E,35,01:48:00,29.6,32,5,E,15,1011.7,41.8,12,2,SE,9,1007.3
2020-02-05,22.4,34.9,0,16.4,12.7,NW,41,17:10:00,31.2,31,2,NNW,9,1009.7,30.5,48,3,W,11,1008.7
2020-02-06,21.2,30.9,0,6.8,11,W,24,13:02:00,25.3,68,2,W,7,1010.5,29,53,2,W,11,1008.7
2020-02-07,21,29.1,0,10.2,8.8,WSW,24,14:56:00,24.1,66,1,SSW,7,1010.5,28.3,52,5,SW,15,1008.4
2020-02-08,20,28,0,8.2,11.6,SSW,50,21:28:00,25.1,69,1,SSW,9,1009,26.3,54,1,WSW,15,1008.2
2020-02-09,15.2,27.8,0,10.4,12.6,SW,46,15:23:00,19,51,0,SSE,17,1015.1,24.3,45,0,SW,24,1011.3
2020-02-10,15.3,32.9,0,9.8,12.4,ESE,37,03:10:00,20.2,49,0,E,13,1014.8,31.2,20,0,SE,13,1009.5
2020-02-11,19.3,34.8,0,12,8.8,NE,39,13:00:00,22.7,47,7,E,9,1012.5,33.4,31,2,ENE,15,1009.3
2020-02-12,19.5,34.3,0,8.8,12,ENE,30,00:19:00,25.4,56,7,ENE,11,1013.6,32.1,41,5,WSW,15,1010.5
2020-02-13,21.6,36.1,0,10.6,11.2,SW,37,16:48:00,28.5,45,1,E,15,1012.8,31.3,42,6,SSW,17,1010.1
2020-02-14,23.8,40.6,0,11.8,12.3,ESE,33,00:41:00,29.5,44,2,ENE,15,1010.3,36.1,30,2,W,15,1006.5
2020-02-15,22.3,25.6,0,11.6,3.2,SW,31,16:16:00,24.2,72,7,WNW,9,1010.7,23.2,79,8,WSW,17,1010.6
2020-02-16,18,26.3,0,4,12.3,SW,37,17:37:00,21.9,56,2,S,13,1015.8,25.6,48,0,SW,19,1014.5
2020-02-17,18.2,32,0,6.4,12.3,E,37,23:51:00,23.3,52,2,ESE,11,1020.2,30.6,36,1,SSW,15,1016.4
2020-02-18,16.9,33.5,0,12,10.5,E,37,01:27:00,22.1,46,6,E,15,1018.2,32.2,26,7,E,11,1013.6
2020-02-19,22.1,36.2,0,11.6,9.1,E,33,09:23:00,25.5,39,7,E,15,1013.3,35.5,27,6,SSW,11,1010.3
2020-02-20,24.6,37.1,0,11.2,10,ESE,46,21:07:00,28,37,4,E,13,1014,36.9,18,6,E,13,1011.5
2020-02-21,22.9,31.9,0,9.8,0.8,NE,33,14:24:00,25.1,40,7,E,9,1016.1,29.8,30,7,ENE,15,1013.2
2020-02-22,20.1,27.7,1,9.6,0.5,NE,22,11:45:00,21.6,82,8,NE,7,1013.6,27,55,7,NE,7,1010.3
2020-02-23,19.6,33.5,0,2.6,10.2,SE,37,22:26:00,25.5,60,3,ENE,11,1012.9,32.8,37,5,S,9,1009.2
2020-02-24,21,32,0,9.4,9.7,ESE,35,05:34:00,25.1,61,6,ESE,13,1013,31,46,6,ESE,11,1010
2020-02-25,21.7,34.4,1,7.6,9.7,NNE,80,16:56:00,26.8,59,1,ESE,9,1013.1,32.2,43,2,ESE,13,1010.9
2020-02-26,21.1,29.7,19.2,10.6,5.8,NE,44,14:22:00,24.9,61,2,E,15,1013.8,27.3,63,5,ENE,15,1014.3
2020-02-27,22.3,26.6,2,4.8,0,NE,54,12:59:00,25.1,67,7,ENE,11,1011.4,23.4,73,7,NE,13,1010.1
2020-02-28,21.4,30.8,11,3.2,7,ENE,46,12:43:00,23.2,69,7,NE,19,1008.3,29.4,49,7,NE,17,1006.2
2020-02-29,20.9,27.7,0.2,7.4,11.6,W,28,12:46:00,24.2,67,6,WNW,9,1008.6,25.6,65,5,WSW,15,1007.6
2020-03-01,20.3,28.9,0,5.8,10.4,ESE,44,13:26:00,23.9,57,3,ESE,15,1014.7,27.3,45,7,ESE,20,1014.2
2020-03-02,15.8,29.3,0,9.2,10.5,ESE,46,00:30:00,19.6,48,2,E,17,1019.8,28.2,27,6,E,13,1016
2020-03-03,15,32.6,0,9.2,12,SSW,30,17:34:00,22.7,48,1,E,11,1017.9,32,24,2,S,9,1013
2020-03-04,13.7,33.7,0,8.4,11.3,SSW,31,16:25:00,25,36,7,SSW,7,1012.9,31.8,22,6,W,13,1009.2
2020-03-05,14,32.6,0,8.8,10,SW,28,17:15:00,24.2,38,7,S,2,1008.1,30.3,38,7,WSW,13,1005.1
2020-03-06,19.9,26.9,0,7.4,10.8,W,35,12:55:00,23,66,5,WSW,11,1008.6,25.4,54,4,WSW,15,1010.1
2020-03-07,20.5,26.8,0,7,6.4,SSW,31,15:37:00,21.8,76,7,S,7,1016.9,25,60,7,WSW,17,1016.3
2020-03-08,17.6,30.3,0,4.8,10.9,SW,30,13:30:00,22.6,70,0,SE,7,1016.7,29.2,47,1,WSW,15,1013.5
2020-03-09,21.9,35.3,0,9.6,7.5,ESE,37,00:42:00,24.3,54,7,ESE,9,1015.5,34.9,24,1,SSE,6,1011
2020-03-10,19.9,35.1,0,10.2,11.5,SSW,30,14:54:00,25.5,44,6,E,9,1013.5,33.9,27,1,SSW,15,1010.3
2020-03-11,19.2,35.1,0,9.4,11.2,SW,35,16:25:00,25,51,2,E,9,1010.9,33.3,31,1,SSW,17,1007.3
2020-03-12,18.1,30,0,9.6,10.6,SW,43,17:11:00,23,58,3,SSW,9,1013.5,28.8,48,4,WSW,15,1013.1
2020-03-13,18.9,32.8,0,8.6,10.9,ESE,43,09:23:00,23,56,1,ENE,19,1018.8,32.1,30,3,ESE,13,1014.4
2020-03-14,22.8,31.1,0,10.6,0.4,NNE,31,16:47:00,24.7,52,7,ENE,13,1013.4,29.8,38,7,NE,11,1008.2
2020-03-15,19.5,26.1,8.6,3.6,4.8,W,24,12:53:00,22.8,88,7,N,7,1009.3,24.9,68,7,W,13,1008.9
2020-03-16,18.7,27,0,3.4,9.1,WSW,24,13:52:00,22.2,72,7,SSE,9,1014.1,25.4,51,1,W,13,1012.7
2020-03-17,19.2,24.9,0.2,5.4,3,W,43,13:18:00,22.7,59,7,WSW,17,1013.9,18.7,85,7,W,20,1013.4
2020-03-18,14.5,23.3,19.8,2.4,10.4,SW,33,10:05:00,20.2,52,6,WSW,17,1019.8,21.6,44,3,SW,17,1020
2020-03-19,12.8,24.6,0,6,3.7,S,30,19:57:00,16.2,63,7,E,7,1025.8,22,53,7,SSW,15,1022
2020-03-20,15.9,31.5,0,5.2,7,W,28,15:06:00,20.6,62,8,ENE,9,1022.2,30.2,34,1,W,13,1018.1
2020-03-21,16.6,31.9,0,5.4,9.4,E,37,22:14:00,24.4,59,3,E,9,1021.3,31,35,7,ESE,11,1018.4
2020-03-22,18.8,31.8,0,8,10.5,ESE,39,07:30:00,23.5,57,1,E,15,1023.5,31.2,33,1,ESE,11,1019.3
2020-03-23,18.2,32.6,0,9.2,10.7,NE,37,09:01:00,24,52,1,NE,19,1020.7,32,24,2,SE,9,1016.9
2020-03-24,19.4,33.9,0,9,10.6,NE,35,09:10:00,26,41,0,ENE,15,1017.9,33.4,20,1,S,6,1014.4
2020-03-25,19.8,34.3,0,9.8,8.4,NNE,37,09:59:00,27,29,2,NE,17,1016.1,32.2,27,7,NW,9,1014
2020-03-26,17.3,36.7,0,10.2,10.4,WSW,24,13:34:00,28.1,41,1,NE,7,1016.1,35.5,22,2,WSW,13,1012.6
2020-03-27,20.5,27.9,0,8,7.6,NW,33,13:56:00,25.9,72,6,NW,11,1013.6,25.3,72,7,NW,11,1011.8
2020-03-28,19.3,23.3,4,6.6,9.6,SSW,39,12:06:00,20.8,56,7,SW,17,1016.8,21.7,58,6,SW,17,1016.1
2020-03-29,12.4,22.6,0.2,6,4.1,SW,28,15:27:00,17.1,63,8,ENE,6,1020,22.4,47,4,SSW,15,1018.3
2020-03-30,9.7,23.8,0,2.8,8.2,SW,35,13:55:00,18.4,61,5,E,6,1020,23.4,45,7,SW,13,1016.5
2020-03-31,11.3,25.2,0,4,10.3,SW,31,14:08:00,19.5,66,1,ESE,6,1018.9,23.3,51,3,WSW,17,1015
2020-04-01,13,27.1,0,6.4,6.6,SSW,30,17:39:00,20.2,62,6,E,6,1014.8,24.2,49,7,WSW,13,1010.9
2020-04-02,18,24.1,0.2,6.6,7.1,SW,43,13:56:00,20.1,68,7,SSE,13,1013.2,23.5,46,1,SW,17,1012.3
2020-04-03,8.9,23.7,0,6.8,10.4,SSW,30,16:30:00,15.9,55,2,SE,15,1021.5,21.9,39,1,SW,17,1017.9
2020-04-04,11.5,24.6,0,8.2,6.1,ESE,30,03:03:00,17.7,49,7,E,13,1020.4,24.2,29,7,E,9,1017.8
2020-04-05,15.1,26.5,1.4,3.6,2,ESE,35,18:32:00,18.5,66,8,E,7,1017.3,25.3,37,7,E,11,1013.9
2020-04-06,18.5,31.8,0,7.4,9.1,ESE,41,22:00:00,22.5,37,4,E,15,1014.8,31.2,20,2,E,17,1010.6
2020-04-07,19,33.6,0,10.8,9.9,NNE,39,10:33:00,25.1,41,3,NE,17,1013.6,32.6,25,4,NE,13,1009.2
2020-04-08,17.1,32.6,0,7,10.5,N,35,10:39:00,27.1,34,4,NE,15,1012.5,29,43,2,W,13,1011.3
2020-04-09,15.7,34,0,6.6,9.5,SW,28,16:28:00,25.5,49,3,WSW,2,1016,32,33,2,WSW,13,1014
2020-04-10,19.6,35.6,0,6.6,10.5,WSW,20,14:10:00,26.4,61,1,ESE,6,1016.9,34.2,19,5,W,11,1015
2020-04-11,21.2,39.5,0,8.6,9.8,W,39,14:51:00,26.8,49,1,ENE,11,1015.9,32.8,22,7,W,20,1013.5
2020-04-12,21.7,26.2,0,9.2,2.1,W,20,11:34:00,24.6,81,8,S,2,1015.6,24.3,71,7,SW,11,1014.7
2020-04-13,15.2,26.7,0,1.8,9.7,SW,24,13:21:00,22.4,73,1,NA,Calm,1018.1,25.2,44,4,WSW,13,1015.7
2020-04-14,15.7,24.9,0,5.4,8.6,SSW,31,13:25:00,20.3,72,2,SSW,6,1019.2,23.6,44,6,SW,13,1017.8
2020-04-15,16.3,24.2,0,5.6,7.7,SW,33,11:55:00,22,50,3,SW,15,1021.8,23.3,55,7,SW,17,1020.6
2020-04-16,10.7,25.1,0,4.2,8.9,SSW,31,17:06:00,17.5,67,1,SE,7,1023.7,24.7,40,7,S,7,1018.9
2020-04-17,12.7,27.4,0,4.4,5.8,SW,20,15:26:00,18.6,50,7,E,9,1019.1,25.5,40,6,SW,9,1015.7
2020-04-18,11.9,22.1,0,4.6,0.7,WSW,22,20:49:00,17.7,66,7,NA,Calm,1013.2,21.2,73,7,S,13,1009.9
2020-04-19,17.4,22.7,6.4,1.4,4.9,WSW,43,09:51:00,20.1,71,7,WSW,15,1012.2,20.4,55,7,SW,19,1013.2
2020-04-20,10.3,24.4,0,3.6,7.3,WNW,41,11:21:00,16.4,75,6,NE,4,1015.3,22.6,54,4,W,17,1014.5
2020-04-21,15.1,24.5,0.4,3.8,7.4,NNW,24,12:14:00,19.4,77,3,NNE,9,1017,23.1,58,7,NW,11,1015.5
2020-04-22,13.8,24.6,0.2,3,3.3,W,31,11:33:00,19.1,74,7,NNE,7,1017.3,21.2,76,7,W,17,1016.1
2020-04-23,14.1,25.1,1,2.4,8.1,SW,24,14:36:00,19.7,92,6,NE,4,1021.5,23.7,45,2,SW,13,1018.4
2020-04-24,13.7,22.8,0,4,2.9,N,39,09:54:00,18.9,71,5,N,4,1018.7,22.2,58,7,WSW,9,1016.6
2020-04-25,16.9,23.8,2.6,2.2,7.5,S,31,11:33:00,20,88,7,SSE,2,1020.9,23.6,49,7,SW,15,1020.9
2020-04-26,11.2,26.4,0.2,2.2,9.8,SW,22,14:13:00,18.8,70,1,E,7,1024,25,47,1,SSW,13,1020.3
2020-04-27,11.2,23.6,0,4,7.3,SW,39,14:26:00,15.4,80,8,NA,Calm,1019.6,21,61,2,SW,17,1017.6
2020-04-28,14,20.8,0.8,4,10,SSE,35,04:17:00,16.6,60,0,SSE,17,1022.9,19.9,41,0,SW,17,1022.2
2020-04-29,10.9,21.8,0,5.6,10,ESE,26,10:39:00,14,52,0,SSE,7,1029.7,21.4,29,0,ESE,11,1026.5
2020-04-30,9.4,21.4,0,5,10,NE,35,09:26:00,14.9,51,1,ESE,9,1032,21.2,29,1,ENE,13,1026.6
2020-05-01,8.5,24.1,0,7.4,9.2,NE,44,09:55:00,16.5,43,1,NE,17,1025.9,23.3,26,1,E,9,1020.6
2020-05-02,9.2,28.3,0,5.4,9.9,NE,30,09:18:00,18.9,36,1,NE,13,1019.2,28,17,1,NE,6,1015.8
2020-05-03,12.3,28.9,0,4.8,9.3,WNW,31,14:27:00,22.2,24,1,NNE,11,1016.7,25,62,6,NW,13,1014.1
2020-05-04,16.9,23.4,0.6,3.6,0.1,NW,33,12:10:00,19.6,96,7,NE,9,1013.4,19.7,89,8,NNW,7,1013.7
2020-05-05,15.5,23.1,13.6,4,7.4,W,57,19:41:00,17.6,91,1,NNE,13,1011.8,20.9,65,6,NNW,24,1006.1
2020-05-06,11.1,16.9,9.2,5.4,5.4,SW,70,15:32:00,12.3,83,4,W,17,1014.1,14.9,60,5,WSW,15,1016.5
2020-05-07,10,18.8,3,4,2.8,W,28,14:28:00,12.9,89,7,NE,6,1021.9,17.7,66,7,NW,7,1019.8
2020-05-08,12,18.8,5.8,1.6,9.4,SSE,28,10:23:00,14.5,74,1,SE,13,1023.5,18,43,2,S,15,1023.1
2020-05-09,5.1,19.5,0,3.6,9.6,NNE,20,11:10:00,12.9,70,1,ENE,4,1027.4,18.7,41,0,E,6,1024.2
2020-05-10,5.5,24,0,3.4,9.7,S,26,14:21:00,14.5,56,0,E,9,1023.6,22,43,1,SSW,9,1020.3
2020-05-11,5.7,22.9,0,4.2,8.2,SW,31,16:36:00,11.8,87,2,NA,Calm,1023.7,22,53,1,SSW,13,1021.5
2020-05-12,9.9,22.9,0,2.2,9.3,E,24,08:48:00,17.1,69,5,E,9,1026.6,22.3,50,6,ESE,7,1023.7
2020-05-13,10.4,28.6,0,3.2,5.6,NE,31,10:44:00,17.9,55,4,E,9,1023.1,28.3,21,7,NNW,7,1020.4
2020-05-14,9.2,27.6,0,2.4,9.5,WNW,24,14:22:00,18.4,53,1,S,2,1022.5,26.9,17,0,NW,11,1020.3
2020-05-15,5.8,23.9,0,4,9.5,NNW,44,10:17:00,15.8,49,0,NA,Calm,1020.7,22.6,61,1,SW,13,1020.2
2020-05-16,11.2,21.1,0,2.8,9.4,SE,24,04:32:00,16.1,72,7,SSE,9,1026.9,20.6,55,3,ESE,11,1023.3
2020-05-17,8.7,21.9,0,2.8,8.1,SW,30,16:31:00,14.5,75,6,SE,7,1023.3,19.9,59,7,SW,15,1020.6
2020-05-18,6.6,19.6,0,4.4,9,SSW,39,13:31:00,14.1,73,1,SE,7,1026.4,18.7,44,2,SSW,17,1024.6
2020-05-19,4.6,19,0,3.4,9.2,SSE,22,12:58:00,11.4,67,0,SSE,6,1031,18.7,42,0,SSE,11,1026.9
2020-05-20,5,19.4,0,2.4,9.3,SSW,26,17:13:00,13.1,74,0,NA,Calm,1030.8,18.6,52,0,SW,11,1027.1
2020-05-21,4.6,21,0,3.2,9.5,NE,22,12:04:00,13.2,71,0,E,6,1028.6,20.2,39,1,E,9,1024.1
2020-05-22,7.1,24.4,0,1.8,9.3,NE,43,08:43:00,14.4,58,0,ENE,9,1023.7,23.9,28,0,NNE,9,1020.3
2020-05-23,6.4,26.5,0,3.2,9.1,NE,33,11:10:00,17.3,43,1,NE,13,1020.9,26.1,19,0,NE,17,1015.9
2020-05-24,14.4,21.9,0,6.6,0,NE,70,15:29:00,20.6,27,8,NE,19,1007.3,15.1,61,7,NE,26,994.5
2020-05-25,12.5,17.1,21.4,3.4,3.3,WSW,70,14:26:00,16,69,7,W,24,1004.1,14.2,66,6,WSW,20,1008.4
2020-05-26,10.2,17.2,5,1.4,2.8,SSE,28,00:58:00,12.8,90,6,NE,7,1020.7,15.1,82,7,SW,6,1020.1
2020-05-27,10.7,20.5,1.6,4.6,3,W,37,14:23:00,14.1,89,7,NNE,9,1022.4,19,56,7,WNW,13,1019.4
2020-05-28,11.7,21.1,3.4,2.6,4.4,NW,44,14:41:00,14.6,99,8,N,9,1019.3,20.5,63,6,NW,19,1016.3
2020-05-29,14,21.5,31,1.6,4.9,SW,56,16:20:00,16.3,88,6,N,13,1011.8,16.8,94,7,WNW,7,1009.4
2020-05-30,10.9,18.4,15.4,4,5.2,SW,37,00:50:00,13.1,80,7,NA,Calm,1020.6,16.6,61,6,W,13,1020.3
2020-05-31,13.1,20.2,1.6,0,4.8,W,31,00:49:00,15.4,88,7,SSW,6,1025.3,18.9,73,4,SW,11,1024.7
2020-06-01,13.1,19.8,7.4,1.8,4,NE,19,12:16:00,15.1,83,7,S,7,1028.6,18.8,54,6,NE,7,1026.3
2020-06-02,8.9,21,0,2.2,4.7,NE,24,12:42:00,13.4,83,7,ENE,6,1026.7,20.2,50,7,ESE,9,1023.4
2020-06-03,10.8,25.1,0,1.8,9,NE,20,10:00:00,17,63,2,ESE,7,1024.3,24.8,34,1,N,6,1021.2
2020-06-04,10.9,25.5,0.2,2.2,7.1,SSW,17,12:43:00,16.9,68,7,N,6,1023.7,25.1,37,6,SSE,9,1021.6
2020-06-05,12.6,24.9,0,4.4,7.4,E,24,09:11:00,17.2,66,1,ENE,11,1024.9,24.2,49,7,ESE,6,1022.4
2020-06-06,15.1,24.7,0,4.4,0.3,NE,20,08:28:00,18.9,42,7,N,7,1022.7,24.1,30,8,NNE,7,1020.3
2020-06-07,15,22.8,0.4,2,2.2,SW,20,06:27:00,16.2,92,7,SSW,6,1021.6,22.5,46,6,SE,7,1018.6
2020-06-08,7.4,24.4,0.2,1.6,9.2,ENE,19,10:50:00,15.5,53,1,SE,9,1022.3,23.1,34,4,NE,9,1020
2020-06-09,5.8,25.4,0,2.2,9.1,NE,19,10:19:00,13.2,70,6,WSW,2,1020.7,25.2,20,1,N,4,1018.3
2020-06-10,7.8,24.7,0,3.6,3.2,NA,NA,NA,13.8,54,7,NA,Calm,1014.9,22.1,56,6,NNW,9,1012.3
2020-06-11,13.8,21.7,9.4,2.2,4.2,WSW,31,14:01:00,16.5,98,8,NNE,11,1007.8,20.9,73,4,W,11,1006.5
2020-06-12,14.5,18.3,20.6,1.6,5.9,SSW,52,09:37:00,15.7,87,6,SSW,9,1011.2,17.6,51,4,SSW,20,1014.3
2020-06-13,8.9,19,1.8,2.4,3.3,SSW,31,15:04:00,11.9,91,7,NNE,6,1022.6,18.7,66,6,SW,13,1021.3
2020-06-14,10.1,21,3,5.4,6.9,WSW,35,15:18:00,12.5,98,5,SSW,4,1025.7,20.1,57,6,WSW,17,1024.1
2020-06-15,11.9,19.9,0.2,2.6,0.4,SW,24,15:54:00,15.1,81,8,NA,Calm,1027,19.4,52,6,WSW,7,1024.6
2020-06-16,11.3,21.3,0,2,9.1,NNE,31,09:58:00,15.9,64,2,NNE,9,1024.6,21.1,36,1,N,9,1019.6
2020-06-17,9.2,22.7,0,2.4,3.1,NNW,59,12:48:00,17.3,33,2,N,13,1010.3,17.4,87,8,W,13,1007.7
2020-06-18,12.5,18.2,12.6,1,6.3,SW,61,04:33:00,12.7,74,3,W,13,1017,17.3,59,2,WSW,13,1019
2020-06-19,8.9,18.7,0.6,3.8,8.2,NNE,19,11:50:00,12.1,76,3,E,6,1028,17.8,49,7,E,4,1026.5
2020-06-20,3.4,18.7,0,2.2,9.1,NE,30,13:12:00,11.4,70,0,ENE,11,1027.1,18.3,44,0,ENE,11,1023
2020-06-21,6.1,23,0,2.4,9.1,NE,24,10:08:00,13.2,55,0,ENE,6,1021.4,23,35,0,NNW,9,1017.3
2020-06-22,10.6,21.5,0,3.6,2.1,NNE,50,16:32:00,17.2,32,7,NNE,15,1014.7,19.5,37,8,N,17,1009.7
2020-06-23,14.8,20.1,8.2,3,8.2,WNW,50,01:43:00,17.7,68,5,WSW,17,1014.4,19.5,55,3,W,17,1015.3
2020-06-24,8.2,19.6,1.8,2.8,6.4,SW,30,14:42:00,12.9,83,5,SW,6,1022.7,18.2,50,5,SW,13,1021.7
2020-06-25,4.2,20.5,0,2.4,7.8,NNE,28,11:33:00,9.5,82,4,NNE,7,1022.2,19.9,44,1,N,11,1016.7
2020-06-26,8.8,21.3,0,0.8,7.8,NW,31,15:27:00,12.6,99,1,NNE,7,1014.9,20.8,50,2,WNW,15,1013.1
2020-06-27,12.6,19.8,3.8,2.2,4.9,N,24,23:47:00,15.7,96,1,N,9,1015.6,19.1,75,3,NW,9,1013
2020-06-28,14.5,18.8,6,2.4,1.1,NW,52,19:50:00,16.9,87,8,N,11,1010,16.5,97,8,NNW,9,1008
2020-06-29,13.6,18.4,38.2,2.2,4.8,SW,56,12:15:00,16.1,73,4,W,15,1010.1,16.2,72,5,W,11,1012.7
2020-06-30,14.5,19.8,1,3,4.4,WSW,44,20:59:00,18.4,63,4,W,13,1015.4,17.1,80,6,WSW,20,1014.3
2020-07-01,12,16.3,3,2.4,2.6,NA,NA,NA,13.3,74,7,SSE,9,1021.8,15.2,61,6,SSE,11,1021.5
2020-07-02,4.3,17.8,NA,2.2,9.1,SSE,22,13:42:00,10.5,85,0,SSE,2,1027.9,17.5,53,1,ESE,7,1025.5
2020-07-03,7.1,19.5,0,2.6,9.3,NE,31,11:04:00,13.1,67,0,NE,13,1030.2,19.1,50,0,ENE,11,1026.8
2020-07-04,12.3,22.3,0,2,9.3,NNE,33,09:50:00,14.8,51,6,NE,11,1025.7,21.9,35,7,NNE,11,1022.1
2020-07-05,10.4,23.1,0,2.2,5,NNE,22,13:08:00,15,49,3,NE,9,1018.9,22.7,32,7,N,7,1015.2
2020-07-06,12.9,19.4,6.8,2,5.6,WNW,43,13:04:00,14.9,93,5,N,7,1017,15.2,85,7,WNW,15,1017.4
2020-07-07,12.2,18,6.2,2.4,5.6,SW,30,11:34:00,15,74,6,WSW,15,1023.2,15.2,80,7,W,11,1022.1
2020-07-08,10.7,17.1,4.6,0.4,3.2,SSW,22,12:48:00,12.5,99,2,N,2,1024.7,15.5,70,6,SE,9,1022.8
2020-07-09,6,17.1,0,1.8,9.1,S,22,15:54:00,10.8,78,0,SE,9,1027.5,16.7,51,1,SSE,7,1025.8
2020-07-10,4.8,16.2,0,1.4,9.2,E,24,10:19:00,9.6,77,0,ESE,9,1031.8,15.5,48,1,ESE,11,1028.4
2020-07-11,4.8,17.5,0,2,9.2,N,31,10:38:00,10.7,64,0,E,9,1030.1,17.1,44,0,NE,11,1026.2
2020-07-12,7.3,22.3,0,2.2,9.3,NE,39,09:29:00,11.5,50,0,NE,13,1021,22.3,26,0,N,9,1016.4
2020-07-13,11.3,19.2,3.4,3.4,4.6,NNW,39,23:07:00,14.2,93,6,N,9,1014.9,17.2,89,7,NW,11,1012.1
2020-07-14,12.4,18,25.6,1.4,7.9,WNW,59,01:51:00,14.8,58,5,WSW,17,1013.9,15.7,65,6,W,13,1015.7
2020-07-15,9.2,17.7,1.8,2.8,2.7,NNW,30,11:56:00,12.6,80,6,NNE,9,1018,16.6,68,7,N,13,1015.4
2020-07-16,12.5,20.2,1,0.6,3.1,WNW,39,13:16:00,14.6,88,4,N,13,1012.1,18,83,7,WNW,11,1008.9
2020-07-17,11.6,15,12.6,2,5.6,SSW,48,11:13:00,11.6,80,8,WSW,24,1012.9,13.3,68,3,SW,15,1014.9
2020-07-18,7.3,18.3,1.4,1.4,5.9,SSW,28,15:33:00,11.4,77,4,NNE,9,1021.6,16.2,73,6,SW,9,1021.1
2020-07-19,4.4,15.4,0.4,1.4,1.1,SE,20,13:22:00,8.6,99,7,NA,Calm,1027.8,15.1,59,7,ESE,7,1026.1
2020-07-20,5.1,18.6,0,1.8,9.2,NNE,26,11:37:00,11.9,69,1,ESE,7,1027.2,18.1,46,2,ENE,11,1023.7
2020-07-21,5.2,20.6,0,2.8,5.8,NNE,37,11:36:00,13.9,57,6,NNE,17,1022.2,20.3,45,7,NNE,15,1019
2020-07-22,8.1,23.5,0,0.6,9.4,WNW,35,22:20:00,14.6,67,0,N,9,1018.8,23,38,0,NNW,13,1016.2
2020-07-23,14.5,19.2,1.6,3.4,7.1,SSW,46,11:21:00,17.4,57,1,WSW,20,1020.4,18.2,53,3,SW,20,1021.3
2020-07-24,4.4,18.9,0,3.6,9.4,NE,26,13:44:00,11.5,81,1,NE,9,1027.3,18.2,47,1,ENE,11,1024.6
2020-07-25,5.1,22.4,0,2.2,5.8,NW,43,14:46:00,13.9,53,5,NNE,13,1022,21.2,56,6,NW,15,1020
2020-07-26,13.9,20.8,2.2,1.2,3.3,SE,44,04:24:00,16.9,96,1,ESE,7,1024.7,20.6,72,7,NE,9,1022.3
2020-07-27,14.1,24.4,4.8,3.2,7.3,NNW,50,13:16:00,19.1,62,5,N,13,1017.9,22.8,59,7,NNW,20,1015.2
2020-07-28,11.5,19.3,8,2.8,4.4,S,28,16:50:00,15,98,5,NW,2,1023.4,18.7,61,6,SW,11,1022.9
2020-07-29,11.6,21,0,1.2,8.9,NNE,20,11:08:00,15,71,1,S,7,1026.1,20.1,51,1,NNW,7,1023.2
2020-07-30,6.5,21.1,0,2.6,8.7,SW,30,16:21:00,13.4,72,0,NW,7,1021.4,19.4,57,5,SW,17,1018.2
2020-07-31,8.7,19.8,0,2.2,8.1,S,28,20:33:00,14.2,87,2,SSW,2,1021.7,18.7,59,1,SSW,11,1020.9
2020-08-01,7.2,19.2,0,2.2,8.9,ENE,22,09:51:00,11.7,83,1,SSE,4,1027.1,18,55,3,S,9,1023.3
2020-08-02,5.2,19.2,0,2.4,3.8,SSW,41,22:07:00,9.9,91,6,NA,Calm,1021.7,17.5,55,4,WSW,11,1016.4
2020-08-03,6.9,12.1,4.8,1.6,2.6,NNE,31,17:20:00,10.9,88,5,ENE,9,1010.4,10.8,92,6,NNE,13,1006.8
2020-08-04,6.9,16,10.2,0.6,9.7,SSW,28,21:06:00,10.5,80,1,S,9,1011.3,15.6,57,4,ESE,9,1011.4
2020-08-05,10.5,19.9,0,3.2,9.7,SSE,30,12:13:00,13.6,76,2,SSW,13,1020.1,19.3,51,2,SSE,15,1019.9
2020-08-06,5.4,18.9,0,3.2,9.8,ENE,24,10:52:00,12.4,69,1,SE,6,1027.5,18.7,44,5,E,9,1024.8
2020-08-07,7.1,16.3,0,3.6,5.5,NE,33,13:17:00,10.8,76,7,ENE,9,1026.6,15.7,53,7,ENE,9,1022
2020-08-08,10.8,21.7,0,3.8,5.6,NE,48,12:17:00,13.2,53,7,NE,19,1017.8,21.5,34,7,NE,19,1010.7
2020-08-09,12.6,16.8,4.4,3,0.8,NNE,78,07:55:00,12.7,91,7,NNE,24,1000.2,15.7,81,3,N,17,996.6
2020-08-10,11.3,19.1,31,1.6,5.4,WNW,48,04:23:00,13.3,84,3,SW,13,1000.7,17.3,67,3,W,19,1001.4
2020-08-11,13.3,18.6,4,3.4,5.7,SW,43,13:02:00,16.2,68,4,SW,17,1010.4,17.8,70,7,W,13,1010.9
2020-08-12,12.3,17.5,0.4,1.6,5.5,SSW,35,13:12:00,13.4,73,7,SSE,11,1017,16.6,61,7,SSW,13,1015.8
2020-08-13,9.4,17.1,0,2.8,2.7,SW,22,15:56:00,12.2,86,7,E,4,1019.6,15.8,63,7,WNW,7,1018
2020-08-14,7.5,18.5,1.2,3.8,2.9,WNW,30,14:49:00,11.9,99,7,NE,7,1019,16.4,77,7,WSW,6,1016.4
2020-08-15,10,21.8,0.6,0.2,6.6,N,44,17:22:00,15.9,59,1,NNE,15,1011.7,21,37,7,N,19,1005.2
2020-08-16,11,15.7,19.2,2.6,4,W,46,12:37:00,12.1,88,4,SW,7,1007.4,13.2,71,3,WSW,15,1009
2020-08-17,10.8,17.3,10.4,2.6,6.7,WSW,46,10:02:00,14.6,60,6,WSW,19,1014.7,16.8,57,7,WSW,24,1013.8
2020-08-18,12.5,16.7,1.6,3.2,3,SW,41,03:51:00,13.8,81,5,S,17,1018.8,15,74,6,SSW,15,1018.2
2020-08-19,5.8,18.8,1.2,1.8,8.8,WSW,19,14:30:00,11.2,76,1,NE,7,1022.2,17.2,55,3,WSW,11,1021
2020-08-20,6.8,20,0,2.4,8.9,SW,26,16:30:00,12.9,75,6,SW,4,1023,19,47,4,SW,11,1021.1
2020-08-21,5.9,19.1,0,2.4,5.7,N,24,11:40:00,12.1,77,7,E,9,1025.4,19,48,7,NNE,9,1022.3
2020-08-22,10.5,22.2,0,3.8,5.3,WSW,22,13:24:00,13.9,68,8,ENE,7,1021.1,21.8,55,6,WNW,9,1018.9
2020-08-23,12.6,19.5,1,1.6,7.9,SW,28,10:37:00,16.8,56,2,SW,15,1021.2,17.9,59,5,SW,13,1020
2020-08-24,6.8,20.4,0,3.6,9.4,SSW,22,15:47:00,13.9,77,4,ENE,9,1023.4,18.3,56,3,SSW,9,1021.4
2020-08-25,7,20.8,0,3.8,8.9,SE,24,14:13:00,13.3,71,6,NE,7,1025.1,20.5,38,3,S,7,1022.5
2020-08-26,6.3,21.1,0,3.2,10.3,SSW,30,16:17:00,14.7,71,1,SSE,7,1028.6,20.3,50,1,SSW,13,1026.1
2020-08-27,6.5,25.4,0,3.4,10.4,E,22,08:50:00,15.7,67,0,E,13,1027.6,24.3,38,0,S,11,1021.4
2020-08-28,9.5,23.5,0,4.6,6,W,39,20:05:00,19.3,49,0,ENE,7,1014.7,18.8,67,7,WSW,15,1013.7
2020-08-29,11.7,17.8,2.8,3.6,10.4,SW,46,01:29:00,14.2,58,1,SSE,15,1024.4,17.4,39,1,SSW,17,1024
2020-08-30,4.6,20.5,0,4.6,10.5,NE,31,10:54:00,13.4,58,0,NE,13,1027.1,19.8,37,2,NE,13,1022.2
2020-08-31,4.7,20.8,0,3.6,9.6,WNW,35,15:28:00,14.6,50,0,N,11,1016.1,18.8,60,5,WNW,13,1013.2
2020-09-01,11.4,17,15,4,6.2,SW,63,16:00:00,11.4,84,7,WSW,20,1012.6,15.7,54,6,WSW,22,1012.3
2020-09-02,11.1,19.5,5.8,3.6,8.9,WSW,52,11:53:00,16.9,64,4,WSW,19,1014.1,17,56,6,SW,24,1016
2020-09-03,9.6,20.2,0.8,2.8,7.6,WSW,39,13:58:00,15.4,75,2,E,2,1020.3,18.6,57,7,WNW,11,1020.2
2020-09-04,15.4,21.6,0,2.4,5,WSW,24,13:30:00,17.9,65,7,NW,6,1021.7,20.7,55,2,W,11,1019.5
2020-09-05,9.3,22.2,0,2.6,9.8,NNW,30,14:33:00,15.5,82,4,N,6,1016.4,20.4,60,3,WNW,13,1012.6
2020-09-06,15.5,21.1,0.2,3.4,0,NW,54,14:30:00,19.6,75,8,NW,17,1005.9,20.1,74,8,NW,22,1003.7
2020-09-07,12,18.9,24.8,1,7,WSW,43,11:23:00,16,56,6,SW,22,1014,17.2,55,7,W,9,1016.2
2020-09-08,10.3,20.4,3.2,2.8,4.8,NNE,22,11:33:00,15.5,70,6,N,7,1024,20,46,5,NW,7,1021.7
2020-09-09,7.2,24.8,0,2.8,9.8,NW,46,12:20:00,18.4,58,6,NE,15,1013.7,19.8,65,6,WNW,15,1011.4
2020-09-10,14.3,19,2.2,3.2,9,WSW,50,02:02:00,16.1,58,2,SW,17,1015.5,18,48,3,SW,15,1016.8
2020-09-11,8.1,19.8,0,4.2,9.7,SSW,30,14:32:00,14.9,59,1,ENE,7,1023.5,18.4,39,5,SSW,17,1021.4
2020-09-12,5.6,20.2,0,3.8,10.3,SSW,35,14:29:00,14.7,63,1,SE,9,1029,19.1,49,1,SSW,19,1027.1
2020-09-13,6.4,24.1,0,4.8,10.5,SW,35,15:50:00,17.2,59,0,S,6,1029.4,21.6,45,1,SW,19,1025.1
2020-09-14,11.1,26.9,0,5.8,7.8,NE,30,10:01:00,17.8,47,3,ENE,11,1023.6,26.3,29,2,SSE,11,1018.4
2020-09-15,10.7,26.9,0,4.6,10.5,SW,41,15:39:00,21.4,38,0,SE,4,1017.7,25.1,47,0,SW,19,1015
2020-09-16,13,20.9,0,5.4,9.5,SSE,37,07:14:00,16.6,59,2,SSE,19,1022.4,19.7,55,5,SSW,19,1020.6
2020-09-17,11.5,20.4,0,5.4,10.1,E,37,11:49:00,13.7,63,6,ESE,15,1027,19.5,39,4,ENE,11,1022.5
2020-09-18,8,22.7,0,5.6,10.5,NNW,33,13:08:00,14.9,59,0,NE,15,1018.6,21.8,32,1,W,13,1012.6
2020-09-19,10.2,18.1,3.6,4,7.3,SW,65,23:35:00,17,54,7,WSW,20,1009.4,16.8,45,6,WSW,26,1009.9
2020-09-20,9.6,16.9,5.6,5.2,7.9,SW,61,00:06:00,14.3,59,7,WSW,15,1015.9,13.6,73,7,SW,22,1017.2
2020-09-21,11.1,18.4,3.4,3,6.3,SSW,30,00:03:00,15.2,58,5,S,11,1022.7,17.4,49,7,WSW,13,1021.8
2020-09-22,10.2,20.3,1.2,3.6,3.5,SSW,24,16:38:00,15.2,92,4,E,9,1024.2,19,60,2,SSW,7,1022.6
2020-09-23,7.2,26.5,0.4,2.8,10.4,SSE,24,19:06:00,17.3,55,0,E,7,1025,25.6,30,1,ENE,9,1021.2
2020-09-24,13.2,30,0,6,9.7,E,46,21:17:00,18.9,46,6,ENE,17,1019.3,28.9,19,1,NE,19,1014.3
2020-09-25,13.9,NA,0,8.6,NA,NA,NA,NA,18,53,1,ENE,17,1014.8,22.6,54,1,WSW,13,1012.7
2020-10-01,16.9,21.6,0,0.8,5.4,WSW,37,12:27:00,20.8,55,3,W,13,1014.6,20.4,52,6,W,15,1013.5
2020-10-02,13.7,16.7,2.4,4.8,0.8,SW,39,14:45:00,14.3,89,7,SSW,15,1015.7,15.8,50,7,SW,22,1016.9
2020-10-03,6.6,17.6,2.8,2.8,11.4,SW,41,16:16:00,12.9,54,1,S,15,1027.1,16.9,47,2,SSW,20,1025.9
2020-10-04,8.3,20.4,0,3.4,11.3,SSE,39,09:00:00,15.2,54,1,SSE,19,1031.5,18.8,49,4,SSW,20,1029.3
2020-10-05,8.2,20.7,0,8,11.7,ESE,31,09:04:00,15,47,0,E,11,1034.2,19.8,33,1,S,9,1030
2020-10-06,6.8,22.2,0,6.2,11.5,NE,28,08:24:00,15.7,45,4,NE,13,1028,21.1,28,3,WSW,13,1022
2020-10-07,7.9,23.2,0,5.4,8.6,NNW,35,11:37:00,16.9,41,3,N,11,1015.7,21.4,47,5,WNW,17,1012.4
2020-10-08,10.8,21.8,7.4,5.6,10.8,W,26,12:27:00,18.8,64,5,NNE,4,1015.4,20.9,48,2,SW,13,1014.5
2020-10-09,8.8,23.1,0,3.8,11.1,SW,28,13:33:00,18.8,56,1,N,9,1018.2,22.4,44,1,WSW,13,1015.8
2020-10-10,10.1,22.6,0,4.4,9.7,SSE,28,14:19:00,16.4,63,7,S,6,1018,21.5,48,2,S,17,1015.3
2020-10-11,9.9,24.9,0,6,11.8,SSE,41,05:42:00,19.3,50,0,SE,7,1018.6,22.2,55,0,SSW,20,1015.8
2020-10-12,11.2,28.2,0,7,11.7,SSW,39,15:17:00,19.8,47,0,E,13,1019.2,25.3,48,0,SSW,20,1015.1
2020-10-13,13.5,30.2,0,11.8,11.4,SW,30,17:15:00,22.9,48,3,ESE,9,1014.7,27.1,40,7,WSW,15,1012.2
2020-10-14,15.2,23.2,0,5.6,7.1,SW,37,16:35:00,19.3,73,7,SW,9,1015.9,22.4,53,1,SSW,19,1015.1
2020-10-15,13.8,22.5,0,5,5.4,SSW,37,16:29:00,16.8,68,7,SE,11,1020.1,20.2,58,2,SSW,20,1016.8
2020-10-16,13,24.6,0,5.4,11.1,SSW,43,16:05:00,19.6,60,7,ESE,9,1018.9,22.3,52,4,SSW,19,1015.6
2020-10-17,13,27.2,0,7.8,12,ESE,31,14:19:00,18.7,53,1,ENE,13,1018.3,26.9,29,1,E,13,1013.3
2020-10-18,14.3,30,0,6.6,12,E,33,11:57:00,20.6,47,1,ENE,17,1012.6,28.8,28,2,N,11,1009.7
2020-10-19,14.8,28.6,0,7,12.3,WSW,31,14:13:00,22.7,42,1,WNW,6,1011.4,24.6,39,1,SW,19,1010
2020-10-20,15.6,25.4,0,7,11.5,SW,43,16:44:00,20.4,61,0,E,7,1014.6,22.5,56,2,SW,24,1012.3
2020-10-21,14.9,25.3,0,7.2,11.7,SSW,43,13:49:00,21.2,53,4,S,7,1014,23.7,44,1,SSW,19,1012.1
2020-10-22,12.4,23.2,0,6.8,12.4,SSW,39,15:46:00,17.7,58,1,SSE,9,1018.2,22.6,43,1,SSW,19,1015.8
2020-10-23,13.1,25.9,0,8,12.4,SSW,41,15:14:00,20.1,52,0,E,11,1018.2,24.4,43,2,SSW,19,1015.1
2020-10-24,12.9,30,0,8.6,12.4,E,31,07:10:00,20.6,48,0,E,9,1017.9,27.9,29,1,SSE,11,1014.2
2020-10-25,16,34.9,0,11.2,12.4,NE,37,08:21:00,25.3,26,2,NE,17,1013.9,33.8,14,3,NE,13,1008.5
2020-10-26,15.3,26.5,0,7.2,12.4,SW,35,13:02:00,23.5,54,0,WSW,11,1012,23.8,54,1,SW,17,1012.3
2020-10-27,15.1,24.5,0,7.8,11.3,WNW,28,10:31:00,21.9,63,2,WNW,7,1014.6,22.9,48,2,W,15,1013.7
2020-10-28,14.9,25.1,0,7.2,10.4,SSW,37,16:54:00,20.6,53,2,SSE,13,1019.6,22.9,43,0,SSW,17,1017.9
2020-10-29,14,31.6,0,9,12.5,E,35,06:40:00,21.3,48,0,E,13,1021.1,30.9,25,0,ESE,9,1015.7
2020-10-30,17,36.6,0,11,11.7,NE,33,10:56:00,26.7,27,3,ENE,15,1014.3,34.8,21,1,WSW,13,1010.5
2020-10-31,17.6,25.3,0,10.4,4.8,SW,30,10:54:00,24.7,52,6,W,9,1006.3,21.1,63,8,WNW,11,1005.1
2020-11-01,15,18.4,20.6,5.8,0,NNE,26,12:33:00,15.2,97,8,N,7,1005.5,14.8,88,8,NE,13,1006.1
2020-11-02,13.6,22.2,11.6,0.8,6.7,SW,31,17:35:00,18.1,67,5,NNE,11,1008.6,21.1,53,6,WNW,13,1009.2
2020-11-03,13,22.8,3.8,3.2,10.1,SSW,37,16:26:00,18.2,69,7,SSE,11,1021.7,21.6,49,3,SW,20,1021.4
2020-11-04,13.7,25.9,0.2,5.8,8.6,ENE,28,09:08:00,18.8,54,7,E,13,1027.1,25.7,36,7,ESE,11,1022.8
2020-11-05,13.1,30.5,0,8,11.7,NE,35,00:19:00,20.7,48,1,ENE,13,1022,29.9,30,1,SE,11,1016.4
2020-11-06,16,29.2,0,9.8,11.5,SE,37,14:04:00,22.4,49,1,E,13,1018.2,28.3,34,4,E,15,1015.3
2020-11-07,16.2,29.6,0,9.8,12.8,ENE,31,06:10:00,22.3,51,0,ENE,13,1013.9,27.5,38,1,WSW,15,1010.5
2020-11-08,14.8,25.5,0,6.8,12.1,SSW,28,13:39:00,23.3,58,5,SW,9,1011.3,23.2,59,7,SW,11,1009.7
2020-11-09,13.1,18.6,2,7.4,2.6,WSW,46,18:10:00,18.1,88,7,WNW,17,1004.9,15.5,86,8,W,11,1004.5
2020-11-10,10.6,19,19,2.8,7.3,SW,48,08:27:00,16.3,63,5,SW,13,1013.6,17.9,49,7,SW,19,1015.1
2020-11-11,9.2,20.8,0,3.8,7.5,SW,31,13:53:00,15.8,54,7,E,7,1019.5,19.2,50,3,SSW,13,1017.6
2020-11-12,8,22.7,0,5.4,11.1,SW,31,12:32:00,19,52,1,NNE,7,1017,21.7,46,5,NW,11,1014.3
2020-11-13,16.3,22.9,8.8,6,1.3,WSW,28,14:26:00,17.6,90,7,NE,6,1010.5,21,66,7,W,11,1007.7
2020-11-14,14.4,21.6,4,2.6,2.6,WSW,41,17:48:00,17.3,80,4,NW,13,1006.1,16.9,86,7,W,13,1006
2020-11-15,12.6,22.1,13.6,3.2,10.6,W,43,01:54:00,19,50,6,WSW,17,1016.8,19.7,46,4,WSW,15,1018.4
2020-11-16,10.7,24.3,0,4.8,11.1,E,31,10:15:00,19.8,51,6,ENE,11,1021.5,23.6,42,1,W,11,1017.8
2020-11-17,11.7,23.5,0,6.2,5.8,S,28,12:38:00,20.8,58,7,NE,4,1015.6,20.9,56,7,SSW,11,1013.4
2020-11-18,14.5,25.2,0,5,11.9,NW,28,12:56:00,23.3,62,7,WSW,9,1015.9,23.4,63,5,WSW,13,1014.9
2020-11-19,14.3,25.7,0,5.6,11.9,SW,31,16:04:00,20.1,59,3,SSE,11,1017.5,22,54,6,SW,15,1014.7
2020-11-20,14.4,26.3,0,7,9.9,SSW,35,18:40:00,23,50,1,S,7,1014.9,23,66,7,WSW,17,1014.1
2020-11-21,14.1,25.2,0,7.8,10.8,SSW,35,15:54:00,20.1,57,5,S,9,1019.2,23.1,49,5,WSW,17,1017.5
2020-11-22,14.9,28.2,0,8.2,13.2,SSW,39,15:59:00,21.4,50,0,E,13,1023.1,25.7,47,1,SSW,19,1019.2
2020-11-23,14.6,35.1,0,9.4,13.2,SSW,35,15:32:00,26.8,33,0,ENE,11,1019.4,32.5,22,0,SSW,19,1013.8
2020-11-24,16.8,33.7,0,10.6,13.1,S,50,13:42:00,30.2,25,0,NNE,7,1009.5,24.6,51,0,S,26,1008.8
2020-11-25,15.5,28.9,0,11.4,11.8,SW,35,17:46:00,21.7,61,6,SSE,9,1013.8,28.1,44,1,SSE,15,1010.1
2020-11-26,13.8,24.1,0,8,12.3,SW,41,16:22:00,23.1,60,1,NNW,9,1010.8,21.6,54,5,SW,20,1010.8
2020-11-27,14,23.5,0,8,9.1,SSE,48,07:56:00,21.5,46,6,SSW,7,1016,22.1,50,3,WSW,19,1014.7
2020-11-28,10.8,23.5,0,8,13.1,SW,39,16:01:00,18.6,46,1,SE,15,1019.6,21.3,44,1,SSW,20,1016.2
2020-11-29,11.6,23.6,0,7.8,4,SSW,39,17:29:00,19.9,41,7,S,6,1011.5,19.5,59,7,S,15,1009.5
2020-11-30,13.6,19.4,8.4,5.6,10.6,SW,57,07:59:00,14.8,74,4,SSW,19,1014.3,18.2,46,6,SW,22,1017.3
2020-12-01,6.6,23.5,0.4,7.6,12.8,SW,39,16:20:00,17.4,39,3,ESE,11,1025.4,21,38,0,SSW,20,1020.6
2020-12-02,9.8,NA,0,9,13.2,NA,NA,NA,21,42,0,E,9,1019.4,25,39,0,SSW,15,1016.3
2020-12-03,12.1,28.8,NA,8.4,13.2,SSW,37,17:01:00,22.3,49,1,SSE,9,1014.9,25.9,46,1,SW,17,1011.3
2020-12-04,15.4,23.9,0,8.4,12.1,SW,46,15:40:00,20.5,59,6,SW,15,1015.5,20.8,60,5,SW,22,1015.3
2020-12-05,14.4,23.4,0,8.8,11.1,SW,41,18:07:00,18.1,49,5,SE,17,1021.4,21.4,47,0,SSW,22,1018.9
2020-12-06,12.8,25,0,8,13.1,SW,39,14:46:00,19.6,50,0,SSE,11,1021.1,22.8,50,0,SSW,22,1018.2
2020-12-07,15.4,33.1,0,10.4,13.3,E,43,15:16:00,22.3,46,0,ENE,15,1020.2,31.5,22,0,SE,11,1014.9
2020-12-08,18,39.4,0,11.8,13.3,SW,39,16:13:00,29.5,24,0,NE,19,1011.6,36.5,19,1,SW,20,1006
2020-12-09,17.9,33.1,0,14.2,13,SSE,46,18:51:00,26,43,1,SSW,11,1007.3,32,37,1,SSW,17,1003.7
2020-12-10,21.1,36.3,0,10,6.5,NE,52,11:22:00,31.8,30,3,NNE,19,1006.6,34.7,22,7,NE,22,1006.2
2020-12-11,23.1,33.1,0,11.6,13.2,NNE,30,01:38:00,28.2,49,1,ENE,11,1007.9,31.8,38,5,E,13,1004.7
2020-12-12,19.4,32.7,0,9.2,12.8,SW,30,13:19:00,29.8,44,0,S,6,1002.9,30.1,45,1,WSW,13,1000
2020-12-13,17.4,23.1,3.8,14.6,9.7,SSW,46,15:01:00,19.8,73,5,WSW,17,1004.7,21.5,52,7,SW,22,1006.9
2020-12-14,13.4,23.5,0.2,6.2,13.1,SSW,43,15:52:00,19.8,43,1,SSE,11,1017.6,21.7,38,1,SW,24,1016.7
2020-12-15,14,29,0,9.4,13.1,SSW,41,16:49:00,20,45,0,NE,15,1019.5,27.5,36,1,SSW,19,1015.1
2020-12-16,15.2,29.3,0,10,13.1,SSW,46,18:02:00,21.8,45,1,SE,9,1014.7,26.6,45,1,SSW,19,1011.1
2020-12-17,16.5,30.3,0,12,13.1,S,44,21:09:00,23.2,42,0,ESE,13,1015.1,28.5,37,3,SSW,19,1012.2
2020-12-18,16.4,31.2,0,11.4,13.2,SW,41,15:38:00,23.4,45,0,E,11,1014.2,29.3,37,2,SSW,17,1010.8
2020-12-19,18.5,34.3,0,13,13.2,SSW,43,16:19:00,27,31,0,NE,15,1011.1,30.1,37,1,SW,19,1008.8
2020-12-20,18,31.1,0,12.6,13.2,SSW,41,15:42:00,23.9,44,0,SE,11,1013.9,28.4,35,0,SSW,20,1011.5
2020-12-21,15.7,32.9,0,11.8,13.3,E,35,03:38:00,22.4,45,0,E,13,1016.1,32.1,19,0,SE,13,1012.1
2020-12-22,16.5,36.1,0,12,13.3,E,33,03:06:00,25.4,39,0,E,9,1014.9,33.4,26,0,S,17,1011.2
2020-12-23,19.2,40.2,0,14,13.2,N,35,09:59:00,29.2,27,0,NE,17,1012.9,39.8,9,1,S,13,1008.4
2020-12-24,20.5,41.1,0,14.8,13.2,N,39,07:59:00,35,15,1,NNE,15,1010.1,37.3,12,1,WSW,15,1008.3
2020-12-25,19.2,40.4,0,15.6,12.9,SSW,33,17:03:00,32.8,24,6,SSW,6,1009.3,38.4,16,7,SSW,17,1006
2020-12-26,22,29.6,0,13.6,12.7,SW,43,14:16:00,24,52,5,S,15,1010.5,26.7,46,0,SW,24,1009.4
2020-12-27,16,29.7,0,11.8,13.2,E,43,21:02:00,20.5,42,0,ENE,13,1018.7,28.1,21,0,ESE,24,1015
2020-12-28,14.2,34.1,0,12.6,13.2,E,39,06:59:00,21.7,36,0,ENE,15,1015.7,32.1,17,5,E,11,1011.4
2020-12-29,19,39,0,13.4,12.9,SE,33,17:01:00,29.3,20,1,ENE,15,1010,38.3,13,3,ESE,11,1005.7
2020-12-30,24.1,33.6,0,13.8,13.1,ESE,30,01:59:00,31.2,24,1,NNW,11,1006.4,28.9,55,1,WSW,13,1005.1
2020-12-31,21.5,30.8,0,12,10.7,WSW,28,15:25:00,25.4,65,5,NNE,9,1007.7,30,44,0,W,13,1006.5
2021-01-01,20.3,33.9,0,10.4,12.7,SSE,37,19:25:00,25.9,50,0,ESE,11,1011.6,32.4,36,2,SW,13,1009.4
2021-01-02,19.4,32.9,0,13.4,12.5,E,46,01:37:00,24.6,47,1,E,19,1012.9,31.5,29,6,ESE,17,1011
2021-01-03,17.7,32.3,0,14.6,11.8,E,43,01:40:00,22,44,6,E,20,1014.3,31.8,21,7,ESE,15,1010.9
2021-01-04,16.7,32.5,0,12.2,13.1,E,46,00:40:00,23.2,44,0,E,15,1014.4,31.1,20,3,NE,17,1012.3
2021-01-05,17.7,34.3,0,13.8,13.2,ESE,44,16:24:00,24.1,46,0,ESE,15,1019.5,33.2,16,0,E,19,1015.8
2021-01-06,18.7,35.9,0,15.4,13.3,ENE,43,03:12:00,26.2,30,1,NE,22,1019.6,34.9,9,1,ENE,15,1014.1
2021-01-07,20.1,38.5,0,13.8,12.2,NE,43,08:35:00,30.1,21,4,NE,19,1014.9,37.8,9,1,SE,9,1010.2
2021-01-08,18.7,42.2,0,14.6,12.5,NE,35,07:29:00,33,16,1,NE,19,1012.9,40.9,9,1,SW,15,1009.4
2021-01-09,23.7,35.9,0,14.8,10.5,SW,35,13:34:00,33.1,24,4,NE,4,1009.6,30,42,6,WSW,17,1010.2
2021-01-10,21.4,27,0,11.2,10.5,SW,46,17:21:00,23.6,57,6,SSW,15,1014.9,25.6,54,1,SSW,20,1014.5
2021-01-11,16.4,30.9,0,11.8,13,SSW,35,17:32:00,22,48,1,ESE,13,1018.7,28,40,1,SW,17,1013.7
2021-01-12,17.6,29.4,0,10.6,12.4,S,46,15:43:00,24,38,7,SE,6,1012.1,27.9,40,1,SSW,24,1010.1
2021-01-13,16.8,33.1,0,11.8,12.8,NA,NA,NA,22.4,48,0,ESE,11,1017,31.8,25,4,SE,13,1013.9
2021-01-14,16.7,33.6,NA,11,12.8,SE,44,21:04:00,23.2,45,1,E,13,1017.8,32.4,24,6,ESE,15,1014.4
2021-01-15,16.9,33.1,0,13,13.1,E,50,08:50:00,22.7,40,2,E,22,1017.7,32.1,17,1,ENE,17,1014
2021-01-16,17.9,34.2,0,13.8,13.1,E,46,08:10:00,24.5,41,0,ENE,20,1017.2,33.2,24,0,E,17,1012.9
2021-01-17,19.1,36.7,0,15.4,12.5,ESE,46,19:20:00,27.1,26,0,NE,22,1016.8,35.2,15,1,ESE,13,1013.2
2021-01-18,22.4,34.5,0,16,4,NE,39,08:19:00,28,22,7,NE,20,1014.2,32.7,29,5,ENE,15,1011.4
2021-01-19,22.6,36.6,0.2,9.2,10.6,NE,48,07:07:00,33,23,3,NNE,13,1010.3,30.3,35,5,WSW,13,1008.1
2021-01-20,22.3,30.1,0,9.2,10,WSW,31,14:06:00,25,72,7,SW,9,1010.9,27.9,60,1,WSW,15,1009.3
2021-01-21,22.7,34.8,0,9.2,12.9,SSW,37,17:13:00,28.2,46,0,S,9,1011.5,32.3,39,0,SW,17,1007.8
2021-01-22,20,36.5,0,12.8,13.1,SW,35,16:10:00,26.7,47,0,E,11,1005.9,34.9,31,1,SW,11,1001.9
2021-01-23,18.1,27.3,0,10.4,12.1,SW,37,10:34:00,26.6,58,0,SW,9,1002,25.4,57,1,SW,19,1003
2021-01-24,15.9,27.1,0,9.8,11.5,SW,41,12:59:00,23.4,61,5,SW,6,1007.4,25.8,41,2,WSW,19,1006.5
2021-01-25,18.3,27.4,0,8,11.7,SSW,33,16:50:00,22.6,47,4,S,9,1010.6,25.8,38,1,SW,17,1008.3
2021-01-26,14.6,26.3,0,8.8,12.3,SW,43,16:10:00,23.4,52,0,WSW,4,1008.5,23.7,53,6,SW,20,1007.2
2021-01-27,14.3,25.9,0,7.6,10.6,SSW,43,16:09:00,22.2,61,7,S,11,1010.3,24.7,45,2,SSW,22,1009.8
2021-01-28,15.3,30.9,0,10.2,13.1,SSW,43,16:18:00,21.5,57,1,E,9,1015.4,28.7,45,1,SSW,19,1011.3
2021-01-29,18.5,34.5,0,11.8,13,ESE,35,15:03:00,24,49,0,E,15,1015.3,33.6,14,0,E,15,1010.9
2021-01-30,19.1,35.2,0,11.2,13,SE,37,13:05:00,24.7,45,0,ESE,13,1014.2,34.8,15,0,ESE,13,1009.1
2021-01-31,20.1,37.3,0,9.8,13,ENE,52,07:48:00,28,34,0,E,11,1011,34,22,0,S,22,1008.5
2021-02-01,19.9,36.9,0,16,12,E,43,07:33:00,26.1,42,0,E,17,1015.8,35.3,14,0,E,15,1011.9
2021-02-02,21.5,35,0,NA,5.2,NE,30,16:55:00,28.7,33,3,E,9,1011.5,34.1,25,7,SSE,6,1008.4
2021-02-03,19.5,31.6,0,6.2,12.5,SSW,48,13:56:00,26.2,64,1,ESE,7,1009.6,29.4,48,2,SSW,22,1006.2
2021-02-04,14.9,28.3,0,11.8,12.8,ESE,52,16:40:00,19.4,42,0,ESE,17,1015,27,21,0,ESE,17,1010.2
2021-02-05,14.7,26.9,0,12,10.3,ESE,43,13:30:00,19.7,43,4,E,17,1013.5,26.4,28,4,SE,20,1008.6
2021-02-06,17.5,22.4,0,10,0,SE,44,23:45:00,18.2,60,8,ESE,13,1010.4,22.4,46,8,ESE,17,1005.2
2021-02-07,15.9,21.8,19.6,3,0,SE,52,00:27:00,17.5,90,8,E,15,998.2,21.4,93,8,NNE,11,994.1
2021-02-08,17.5,24.2,16,2.8,9.6,WSW,44,10:39:00,21.1,77,6,WSW,19,1003.9,21.7,77,6,SW,19,1006.1
2021-02-09,16.6,25.9,0.8,5,11.4,SW,43,22:22:00,22.6,60,6,WSW,9,1010.2,24.7,41,2,SW,15,1008.9
2021-02-10,16.1,23.3,0.6,7.4,11.1,SSW,41,16:49:00,19.1,61,3,ESE,19,1013.9,22.6,41,1,SSW,19,1013.3
2021-02-11,14.4,25,0,8.8,12.5,SW,46,16:48:00,18.6,55,1,SSE,15,1016.8,23.4,45,0,SSW,20,1013.2
2021-02-12,14.8,29.5,0,7.2,12.4,SSW,28,18:07:00,20.5,52,0,ESE,9,1016.1,28.2,44,0,SW,17,1012.1
2021-02-13,15.6,35.9,0,9,11.8,SSW,30,15:43:00,25.7,41,1,ENE,13,1013.3,33.6,29,3,SSW,13,1010.2
2021-02-14,21.9,35.3,0,11.2,2.7,S,48,20:08:00,28,37,7,ENE,7,1012.7,35,22,7,W,11,1010
2021-02-15,21.6,37.7,0,6.6,12.2,SSW,33,16:25:00,30.4,33,1,E,6,1010.4,35.7,24,1,SW,15,1006.7
2021-02-16,21.2,30.5,0,11.8,12.2,SW,28,14:41:00,25.8,72,1,SW,7,1008.6,26.9,57,3,SW,19,1007.2
2021-02-17,20.2,26.4,0,5.4,5.4,SSW,30,13:35:00,22.3,78,8,W,7,1008,25.2,58,6,WSW,13,1006.2
2021-02-18,18.1,23,1.6,7.6,10.5,SW,44,04:00:00,20.2,46,2,SW,19,1013.6,21.5,44,2,SSW,22,1014.5
2021-02-19,12.7,25.1,0,9.4,12.2,SSW,35,15:59:00,18.3,48,0,E,11,1020,23.7,39,0,SW,17,1016.2
2021-02-20,12.1,30.6,0,6.8,12.2,SSW,37,16:45:00,23,48,0,SSE,9,1016.4,29.1,33,0,SW,17,1013.3
2021-02-21,16.7,35.1,0,8.4,12.2,SSW,31,16:11:00,24,46,0,E,15,1015.9,34.1,30,0,SW,13,1012.4
2021-02-22,18.7,38.3,0,11.8,12.1,E,39,06:23:00,24.3,51,0,E,15,1015,37.9,18,0,SSW,9,1011.9
2021-02-23,21.6,39.5,0,12.4,12.1,NNE,31,08:42:00,32,23,0,N,13,1014.5,34.7,17,0,WSW,17,1013.2
2021-02-24,18.5,33.2,0,11.2,11.6,SSW,31,15:53:00,27.8,47,1,SSE,7,1015.4,30.1,40,1,WSW,15,1012.4
2021-02-25,17.2,29.9,0,8.6,12.1,SSW,39,15:23:00,23,59,1,ENE,11,1013.7,27.8,46,0,SSW,19,1010.3
2021-02-26,18.6,30.3,0,8.4,10.4,SSE,41,14:51:00,23.2,58,7,SE,15,1010.9,29.7,32,1,SE,20,1007.5
2021-02-27,17.3,31,0,9.4,10.3,ESE,35,23:41:00,22.2,53,1,ESE,13,1011.7,30.2,35,2,S,11,1007.7
2021-02-28,19,31.4,0,9.4,9.3,SE,33,17:47:00,22.6,54,6,E,13,1011.5,30.8,31,6,SE,11,1008.2
2021-03-01,16.7,22.9,10.6,7.4,0,E,39,00:42:00,17,93,8,ESE,9,1012,19.2,80,7,SE,15,1010.1
2021-03-02,17,30.6,15.6,2,7.5,NE,48,18:06:00,22.2,69,7,ESE,9,1011,30,45,4,ENE,13,1007.3
2021-03-03,20.1,28.4,3.6,6.6,2.2,E,33,11:19:00,21,94,8,NE,7,1010,25.8,69,7,NNE,11,1006
2021-03-04,20.8,27.3,3.4,2.8,7.5,NE,33,03:24:00,23.8,80,7,NNW,11,1008.3,26.8,62,4,WNW,13,1008.2
2021-03-05,20.1,26.7,0.8,3.4,5.4,NW,30,12:30:00,24,67,7,W,11,1012.6,24.6,69,7,W,15,1011.7
2021-03-06,21.4,28.4,0,4.8,2.7,SSW,28,17:37:00,23.5,76,7,SSE,7,1013.9,27.3,61,7,S,13,1012.3
2021-03-07,20.2,30.3,0,4,11.4,ENE,24,08:58:00,24.5,66,1,ENE,13,1015,28.9,45,2,SE,11,1012.2
2021-03-08,20.5,31.7,0,6.8,9.8,ENE,33,22:41:00,23.4,65,3,E,11,1015.5,31.3,40,1,E,11,1011.4
2021-03-09,21.2,36,0,10.4,10.2,E,31,01:49:00,26.5,50,1,ENE,11,1012.5,34.8,30,3,NE,9,1007.8
2021-03-10,25.5,31.3,0,7.6,3.2,NNE,35,02:37:00,28.1,55,5,NNW,11,1008.5,26.5,70,7,WNW,11,1007.9
2021-03-11,21.4,27,0,5.4,4.2,WNW,30,13:01:00,24.3,72,7,NNW,7,1011.4,25.4,69,7,WSW,13,1011.7
2021-03-12,20.6,25.7,5.2,4,3.8,SE,33,16:43:00,21.4,90,7,SSE,15,1017,24.6,58,5,ESE,9,1018.9
2021-03-13,14.6,26,0.2,4.8,11.3,SE,33,00:25:00,18.9,52,1,E,11,1027.5,24.7,31,0,SE,17,1023.6
2021-03-14,14.4,28.2,0,8.2,11.3,E,35,01:01:00,19.5,48,0,ENE,15,1025,28.1,25,0,E,13,1020.4
2021-03-15,17.2,30.7,0,8.4,10.2,NE,39,08:53:00,22.9,33,5,NE,20,1020.8,29.5,22,7,NNE,15,1016.5
2021-03-16,18.8,34.1,0,9.4,6.2,NNE,31,10:34:00,24.9,26,4,NE,13,1015.6,32.6,19,3,N,6,1012.1
2021-03-17,16.1,29.9,0,6.4,11.2,WSW,30,13:10:00,25,47,1,NE,6,1014.5,28.5,49,0,SW,15,1012.8
2021-03-18,17.5,33.3,0,6.2,11.1,SW,31,16:33:00,24.3,59,0,ENE,4,1016.9,31.1,42,1,SW,13,1014.2
2021-03-19,17.3,37.6,0,7.8,9.7,NNE,28,09:25:00,29.2,26,2,NE,15,1016.8,36.1,11,7,NE,9,1013.7
2021-03-20,15.5,37.3,0,11.6,10,NE,26,09:47:00,28.3,30,5,E,9,1015.1,36.7,11,5,NNW,9,1011
2021-03-21,16.2,37.6,0,8.4,11.1,W,31,14:28:00,30.5,23,1,NNE,11,1012.1,33.8,18,1,W,17,1009.6
2021-03-22,19.2,27.5,0,9.6,10.4,SSW,43,12:53:00,21.7,70,3,S,17,1014.3,25.2,58,5,SSW,24,1012.9
2021-03-23,13.8,24.4,0,6,11,SSW,33,18:36:00,17.2,54,2,SSE,20,1018.9,24,33,1,SSW,13,1014.8
2021-03-24,13.5,24.9,0,6,10.9,SW,37,16:53:00,18.5,50,0,E,9,1018.6,23,41,1,SW,17,1013.6
2021-03-25,11.7,25.5,0,6,10.8,SW,41,15:16:00,18.6,54,1,SSE,6,1013.8,23.5,45,1,SSW,20,1012
2021-03-26,11.1,26.8,0,6.4,10.9,S,30,16:39:00,20.2,61,0,ESE,9,1016.8,25.5,48,1,WSW,13,1013.7
2021-03-27,12.6,28.3,0,5.6,10.7,SSW,28,14:13:00,20.7,58,1,SSE,7,1016.2,26.1,43,1,SSW,15,1013.6
2021-03-28,12.7,33.2,0,4.8,10.9,SW,20,14:11:00,22.6,47,0,NE,6,1014.6,30.1,33,0,WSW,13,1012.4
2021-03-29,17.3,39,0,8.6,10.9,WSW,26,13:45:00,25.2,47,1,S,7,1013.5,34.7,25,1,W,13,1010.6
2021-03-30,20.8,29.6,0.4,6,9.9,W,22,10:05:00,25.3,78,3,NNW,7,1015.8,28.5,50,1,W,9,1014
2021-03-31,19.7,26.9,0.8,5.6,3.2,SSW,30,13:39:00,21.3,82,7,SSE,9,1015.5,25.4,60,7,SSW,13,1013.5
2021-04-01,20.4,32.9,1,4.2,9.3,ESE,46,06:36:00,22.6,63,7,E,9,1012.3,32.2,31,5,SSE,15,1007.6
2021-04-02,16.9,30.8,0,6,10.8,SSW,28,21:05:00,24.3,57,1,SE,6,1010.5,29.3,49,7,SE,7,1010.3
2021-04-03,17.9,31,0,5.8,6.2,SSE,35,22:06:00,23.3,65,3,ESE,9,1016.5,28,49,7,NNE,9,1013.4
2021-04-04,18.4,31.4,1.4,4.4,6.2,ESE,31,12:22:00,22.1,68,6,SE,7,1017.2,30.5,35,3,ESE,9,1011.7
2021-04-05,17,27,0,6.4,8.3,WSW,24,15:10:00,21.7,76,7,S,2,1014.3,25.8,61,1,WSW,11,1012.4
2021-04-06,14.3,26.7,0,3.4,8.1,WSW,24,16:22:00,20.5,76,2,NNE,9,1014.8,25,53,6,WSW,13,1013.2
2021-04-07,19,26.6,0.2,5.2,1.5,S,26,21:47:00,21.8,74,7,SW,6,1014.6,23.2,66,8,WSW,11,1013.2
2021-04-08,17.3,25.7,0,3,8.5,SE,39,21:09:00,19.9,62,2,SE,9,1014.4,24.7,45,3,SE,11,1013.1
2021-04-09,17.2,27,0,6.6,9.1,ESE,46,22:24:00,19.1,67,6,ESE,9,1019.7,26,42,2,ESE,19,1016.5
2021-04-10,16.8,28.5,0,7.2,8.1,ESE,48,02:49:00,20.7,54,0,ENE,17,1020.1,28.2,31,7,ENE,17,1015.9
2021-04-11,16.3,22.7,4.4,7.6,0.7,NNE,33,19:16:00,16.4,90,8,NNE,11,1011.8,21.7,67,7,NNE,15,1004.9
2021-04-12,16.4,23.2,14.8,2,3.1,SW,50,14:01:00,19.7,88,7,S,13,1003.5,21,66,7,SSW,20,1008.8
2021-04-13,11.8,21.8,1.4,0.7,9.1,SSW,35,14:06:00,16.3,66,2,SSE,7,1021.6,20.9,44,4,SSW,19,1021
2021-04-14,8.9,23.2,0,3.2,10.7,S,33,18:04:00,16.6,62,1,NE,7,1027,21.9,44,1,SW,13,1023.9
2021-04-15,9.9,25.1,0,4,10.5,SW,22,17:20:00,18,64,0,NNE,9,1027.4,24.7,34,0,S,9,1023.9
2021-04-16,10.6,26,0,5.8,6.2,E,22,11:23:00,18.3,62,7,ESE,7,1027.1,25.4,32,7,ESE,6,1023.9
2021-04-17,14,27.8,0,5.4,10.2,NE,22,12:12:00,20.3,51,1,ENE,9,1026.7,26.9,22,6,ESE,9,1023.3
2021-04-18,11.5,28.7,0,4.8,10.4,SW,31,16:15:00,20.4,46,1,E,7,1024.9,27.8,26,1,SE,6,1020
2021-04-19,11.8,23.3,0,5.2,6.5,SW,33,13:54:00,16.9,71,7,SSE,2,1020.4,22.3,46,1,SW,15,1018
2021-04-20,11.3,25.7,0,2.8,10.2,SSW,28,15:48:00,19.3,68,1,ENE,13,1021.6,24.8,49,2,SSW,11,1019.4
2021-04-21,11.5,26.5,0,5,10.3,S,22,14:05:00,19,64,0,E,9,1024,26.1,36,1,E,7,1021.9
2021-04-22,13.2,25.4,0,4.4,5.9,NE,30,12:48:00,18.3,64,7,ENE,11,1024.9,24.3,35,7,E,7,1020.4
2021-04-23,16,28.9,0,5,7,NE,20,01:05:00,18,58,7,E,7,1020.5,28.3,28,5,NE,7,1016.9
2021-04-24,12.8,31.2,0,5.6,9.4,WSW,22,14:21:00,20.4,50,6,NE,7,1019.6,27.8,37,1,WSW,11,1017.3
2021-04-25,11.6,27.9,0,4.2,10,SW,20,14:55:00,19.1,74,1,NA,Calm,1021.4,26.7,47,4,SW,13,1019.3
2021-04-26,10.9,31.5,0,3.4,6.9,S,15,15:11:00,20,62,1,S,6,1020.7,29.1,28,7,SSW,7,1017.2
2021-04-27,14.1,29.8,0,4.6,7.2,SW,20,13:46:00,19.7,59,6,SSE,7,1021,26.8,33,7,SW,11,1020
2021-04-28,12,29.7,0,4,9.2,S,19,14:41:00,18.7,76,NA,NA,Calm,1022.2,28.6,36,1,SSW,9,1018.2
2021-04-29,15.4,25.7,0,3.6,3.3,SW,57,15:35:00,19.2,79,NA,N,9,1015,23.8,72,7,NW,15,1012.1
2021-04-30,13.2,20.6,17.4,3.4,10,SSW,33,01:16:00,15.8,59,1,SSE,13,1022.1,19.9,42,2,S,13,1021.1
2021-05-01,8.2,22.5,0,4.8,10,SSW,24,16:28:00,15.3,57,1,SSW,7,1025.3,22.1,36,5,SSE,7,1021.7
2021-05-02,7.2,23.4,0,2.8,9.9,S,28,16:33:00,16.1,65,1,SSW,4,1021.3,22.1,38,1,S,15,1018.2
2021-05-03,11.4,26,0,5,8.8,E,35,11:22:00,17.7,51,1,NNE,11,1021,25,30,3,ESE,15,1017.2
2021-05-04,17.5,21.3,0,7,0,N,35,23:57:00,19.5,60,7,NNE,9,1015.2,18.8,96,8,N,6,1011.7
2021-05-05,14.8,24,46.2,4.4,6.3,NNE,33,00:04:00,16.2,98,7,NA,Calm,1007,22,67,6,NW,11,1006.3
2021-05-06,13.8,23.7,4.2,1.6,6.1,WNW,28,13:36:00,18.5,86,3,N,9,1012.2,21.4,67,6,WSW,7,1011.4
2021-05-07,11.6,22.4,1.2,2,9.8,SW,30,15:50:00,16.6,86,1,S,9,1019.6,21.6,49,2,SSW,15,1019.1
2021-05-08,9.1,22.9,0,3.8,9.6,S,20,15:03:00,16.5,70,1,NE,9,1024,21.8,47,2,NE,9,1021.8
2021-05-09,8.8,22.3,0,3,5.3,SW,26,15:53:00,14.4,81,7,S,6,1025.4,21.3,48,5,SW,9,1022.9
2021-05-10,7.9,24,0,2.4,9.8,NE,26,12:24:00,16,78,1,SSW,4,1026.4,23.7,43,0,NE,11,1021.6
2021-05-11,9.6,NA,0,2.4,9.2,NA,NA,NA,19.5,52,5,NNE,13,1019.3,28,27,2,NW,11,1015.3
2021-05-12,14,24.5,0.2,4,3.8,SSE,33,13:34:00,17.2,88,7,NA,Calm,1019,22.1,56,5,ESE,13,1019.8
2021-05-13,12.9,21.5,0,3.6,9.1,E,41,09:48:00,15.5,52,6,E,15,1026.3,20.3,45,1,E,15,1022.7
2021-05-14,14.5,19.9,0,6.8,0.2,NE,31,17:18:00,16.2,57,8,ENE,13,1024,19.3,52,8,ENE,13,1021.8
2021-05-15,16.2,20.2,0,4.2,0,ENE,28,00:06:00,17.5,52,7,NE,11,1023.7,19.7,50,7,ENE,9,1021.7
2021-05-16,14.9,24.2,0,2.6,4.7,NE,28,10:50:00,19.5,48,2,NE,7,1020.5,23.3,37,5,NNE,9,1017.5
2021-05-17,15.5,26.7,0,4.2,6.1,NNE,24,10:00:00,20.8,45,2,NNE,9,1016,23.1,67,7,NW,11,1014.2
2021-05-18,14.2,24.9,0,2,4,W,19,15:02:00,17,99,7,NA,Calm,1017.5,24.2,62,7,W,9,1015.2
2021-05-19,12.9,24,0,2.2,8,SSE,28,13:09:00,17.2,91,6,S,7,1019.4,23,51,1,SW,15,1018.6
2021-05-20,10.1,24.4,0,2.2,9.4,SSW,19,13:53:00,17.3,73,0,ENE,7,1023.4,23.7,50,1,SSW,9,1020.9
2021-05-21,9.6,23.2,0,2.6,9.3,SW,24,13:21:00,15.8,83,1,SW,2,1021.9,22.7,56,1,WSW,11,1018.5
2021-05-22,13.1,20.2,0,2.8,0.2,SSW,28,19:46:00,15.5,80,7,NNE,9,1012.3,19.2,66,8,N,7,1006.3
2021-05-23,10,18.5,5,2,4.6,SW,46,21:32:00,13.9,90,7,SSE,6,1009.9,17.2,57,7,NW,13,1007.3
2021-05-24,8.1,14.7,16,1.6,3.4,SW,37,00:50:00,11.2,93,7,S,6,1017.4,13.9,80,7,SSE,6,1019.3
2021-05-25,7,18.9,2,0.8,8.1,SSE,20,10:41:00,12,79,6,ESE,7,1027.1,18.5,46,2,SSE,7,1024.8
2021-05-26,5.4,19.9,0,2.2,6.6,N,37,11:12:00,11.9,80,7,SSE,7,1025.8,18.6,47,7,NNE,13,1022.3
2021-05-27,10.6,25.3,0,3.2,8,NNE,30,12:02:00,16.2,46,7,NE,11,1020.3,24.5,33,3,N,7,1018.1
2021-05-28,12.2,25.2,0,2.8,3.6,NNE,35,11:53:00,20,43,2,E,11,1017.4,22,57,7,NNE,15,1013.9
2021-05-29,15.2,20.6,11.4,3.8,1.4,SW,35,17:08:00,16.7,93,8,NNW,7,1012.2,19.4,86,7,SW,4,1009.3
2021-05-30,11,17.1,26,0.8,5.3,SSW,39,14:48:00,12.8,99,6,SSE,6,1012.1,16.6,75,7,SSW,15,1012.4
2021-05-31,12.3,18.2,1.4,2.2,9,S,35,10:57:00,14.6,65,1,S,15,1018.1,17.2,52,2,SSE,17,1017.2
2021-06-01,7.3,19.2,0,2,8.4,SSW,22,14:43:00,11.8,92,7,S,2,1022.8,18.9,55,2,S,11,1021.3
2021-06-02,5.6,20.3,0,2,6.6,NE,20,11:13:00,10.4,96,7,SW,4,1026.9,19.7,50,5,ESE,7,1024.8
2021-06-03,6,21.4,0,1,8.3,NNE,19,10:59:00,12,80,1,N,6,1028.8,20.3,47,5,NNE,6,1025.9
2021-06-04,5.5,21.3,0,1.8,9.2,N,20,10:47:00,12.3,79,0,NE,9,1026.6,20.1,50,1,SW,7,1023.3
2021-06-05,5.7,21.8,0,2.6,9.3,NNE,22,11:38:00,12.3,79,1,SW,7,1023.3,20.8,43,0,WSW,9,1019.1
2021-06-06,7.4,20.6,0,1.8,4.6,SSW,31,15:11:00,12.7,71,2,WSW,9,1019.3,17.6,88,7,SW,11,1018.5
2021-06-07,5.9,18.4,0.6,1,8.4,SE,28,12:55:00,10.3,95,5,NA,Calm,1027.8,17.7,46,6,SE,9,1025.4
2021-06-08,8,16.6,0,2,4.8,ENE,44,20:04:00,12.5,62,8,E,15,1026.9,16.2,53,8,E,17,1021.6
2021-06-09,12.5,18.5,0,5.2,0.3,N,57,23:16:00,15,45,7,NNE,20,1013.1,15.1,67,7,N,22,1008.4
2021-06-10,11.7,20.3,13.6,1.8,0.8,N,44,00:27:00,17.5,99,8,N,7,1007.6,18.8,81,7,SW,11,1007.6
2021-06-11,13.2,19.8,5.8,0.8,3.1,SW,13,12:11:00,14.3,99,7,SW,2,1013.8,19.3,64,7,NA,Calm,1011.8
2021-06-12,10.5,21,0.2,0.2,8.7,SW,20,16:15:00,14.2,97,1,NA,Calm,1015,20.2,59,2,SW,9,1014.4
2021-06-13,8.4,20.1,0,2.8,8.4,SW,20,16:33:00,12.6,97,4,SW,2,1018.9,18.7,67,4,SW,7,1017.4
2021-06-14,11.2,18.3,5.6,2,7,SW,50,13:10:00,17.2,58,5,SW,20,1017.9,16.2,59,5,SW,26,1017.5
2021-06-15,7.1,16.6,5.2,2.8,3.6,WSW,22,16:36:00,10.3,99,7,SSW,7,1021.4,16.4,70,6,SW,7,1020.3
2021-06-16,7.5,18.9,1.2,1,5,NA,NA,NA,11.3,99,7,WSW,2,1026.9,18.3,53,1,WSW,7,1025.5
2021-06-17,6.4,18.3,NA,1,8.5,E,20,09:37:00,12.7,92,1,WSW,6,1032,17.2,60,1,NNE,11,1029.5
2021-06-18,3.8,19,0,1.8,9.1,NNE,26,11:47:00,10.3,81,0,ESE,6,1030.4,18.2,45,0,N,7,1025.7
2021-06-19,4.3,20,0,2.2,5.4,NNE,22,13:18:00,9.9,70,7,NNE,11,1024.1,18.2,51,7,NNW,7,1019.9
2021-06-20,9.4,15.7,24.8,1.6,0.1,SSW,35,16:28:00,10.2,99,8,NNE,9,1015,14.9,91,5,NW,6,1009.6
2021-06-21,8.3,14.4,13,1.4,5.8,SSW,54,09:06:00,10.8,74,7,S,22,1014.6,14.3,55,2,S,20,1016
2021-06-22,1.9,15.8,0,2,8.1,SW,35,14:23:00,6.3,99,0,NA,Calm,1023.5,15.5,55,6,SW,15,1021.6
2021-06-23,2.8,17.2,0,1,7.7,SSE,26,13:25:00,8.1,99,8,NA,Calm,1027.6,17,56,3,SSW,9,1025.9
2021-06-24,3.4,17.5,0,1.2,8.9,SE,17,10:51:00,10.1,99,1,SSE,4,1030,16.7,50,1,SE,6,1026.8
2021-06-25,2.7,18.1,0,1.8,9.1,NE,20,13:26:00,9,84,1,SE,6,1028.3,17.9,48,0,NE,7,1024.7
2021-06-26,1.1,20.2,0,1.6,9.1,NE,28,11:41:00,8.4,99,1,NE,4,1024,20,32,0,NNE,13,1019.5
2021-06-27,8.4,16,0,2.6,1.8,NNW,48,11:19:00,13.9,45,7,NNE,20,1010.4,15.4,73,2,N,20,1007
2021-06-28,9.3,20.2,7,0.6,6.1,W,35,16:50:00,12.6,99,4,NA,Calm,1012.3,18.9,61,5,W,13,1011.8
2021-06-29,12.6,17.7,16.2,3.2,5.8,NNW,39,04:48:00,13.1,94,3,SW,2,1016.1,17,47,2,WSW,19,1018.2
2021-06-30,9,16.8,0.4,2.4,0.8,NNW,20,14:16:00,11.4,82,7,NE,6,1026,16.4,55,8,SW,7,1024.4
2021-07-01,10.7,19.5,1.4,3.2,4.7,SSE,20,15:33:00,12,98,7,NW,9,1026.7,19,60,7,N,7,1024
2021-07-02,7.9,18.9,0,0,3.5,NE,24,11:07:00,11,92,7,SSE,4,1026.4,18.5,51,6,NE,2,1023.4
2021-07-03,4.4,20,0,2.2,8.2,NE,26,11:18:00,9.7,99,7,NA,Calm,1024.5,19.6,48,7,NE,11,1019.5
2021-07-04,9.7,15.9,1.4,2.8,0.1,N,41,13:40:00,13.2,88,8,NNW,7,1014.3,14.8,99,8,SW,20,1010.9
2021-07-05,8.8,16.8,44.6,1.6,3.7,WNW,50,05:35:00,14.2,67,8,WSW,15,1012,14.8,61,6,SW,20,1013.1
2021-07-06,9.1,19.5,7.4,2.2,4.1,WNW,56,20:07:00,13.1,99,5,NNE,9,1011.6,17.7,64,7,NW,19,1008
2021-07-07,11.8,17.8,23.6,0.4,6.3,SW,54,04:02:00,16.1,57,3,SW,15,1011.7,16.7,52,4,SW,20,1013.6
2021-07-08,10.1,18.7,4.6,3,7.6,WSW,35,13:19:00,16.5,72,1,WSW,6,1017.9,18.2,54,3,W,11,1016
2021-07-09,11.7,19.3,4.2,1.8,3.8,NNW,50,13:21:00,13.6,90,7,NNE,9,1009.8,13.8,97,8,SW,17,1004.6
2021-07-10,7.5,18,30,2.4,8.2,WSW,31,02:11:00,12.7,93,1,NA,Calm,1012.8,16.2,73,5,SW,7,1014.2
2021-07-11,9.8,18.3,0.6,0.8,8.5,NE,37,11:19:00,13.3,77,1,WSW,9,1018.8,17.7,42,1,NNE,19,1014.3
2021-07-12,11.6,21.7,9.6,4.8,4.1,WNW,59,21:52:00,13.9,99,7,NNE,13,1003.3,17.2,79,7,WNW,20,1001.1
2021-07-13,13.9,18.9,13.4,3.6,5.2,W,54,12:51:00,17.5,70,6,W,19,1003.6,15.3,85,7,WNW,20,1004.5
2021-07-14,13.3,18.3,14,3,5.5,WSW,48,15:44:00,15,83,7,W,4,1008,16.7,58,5,WSW,24,1007.2
2021-07-15,12.8,17.9,2,4.4,5.3,WSW,56,02:26:00,14.8,61,4,SW,20,1016.8,16.6,53,7,SSW,19,1018.8
2021-07-16,11.8,17.4,13.4,1.6,2.4,SW,37,01:39:00,14.3,96,7,SSE,4,1024.1,16.4,78,7,SW,13,1023.6
2021-07-17,11.8,18,2.8,0.6,2.9,NNE,20,11:26:00,12.9,95,7,SE,2,1023.1,16.8,70,7,N,9,1019.7
2021-07-18,10.8,18.1,1.2,2.6,3.3,WNW,24,11:06:00,13.3,96,7,NA,Calm,1017.8,16.6,74,7,WSW,7,1015.7
2021-07-19,9.1,17,5.4,1,0.6,N,13,10:27:00,11.9,99,7,NW,6,1020.7,16.9,73,7,NNE,2,1018.1
2021-07-20,11.8,16.1,1.6,0.4,0,NNE,24,07:04:00,12.7,97,8,ENE,9,1017.9,14.3,95,7,ESE,6,1011.9
2021-07-21,12.6,18.5,29.6,2.2,6.9,SW,26,01:28:00,14.5,87,2,SSW,11,1011.2,18.4,66,4,SSW,9,1012.2
2021-07-22,6.1,17.8,0,0.6,8.3,SW,19,13:31:00,10.6,99,5,S,7,1019.4,16.8,54,4,WSW,9,1016.8
2021-07-23,10.5,19.1,1.8,1.8,5.4,SW,46,13:09:00,16.4,57,7,WSW,17,1016,17.1,63,7,SW,20,1014.8
2021-07-24,9.8,18.1,2,2.2,5.6,WSW,30,04:38:00,15.6,68,7,WSW,6,1021.6,17.4,54,5,W,13,1020.3
2021-07-25,11.8,20.2,0.6,2.4,7.9,NW,37,14:31:00,14.5,92,5,NNE,6,1019.9,18.5,57,5,WNW,15,1017.5
2021-07-26,12,18.7,0.2,2.6,4.6,W,61,23:38:00,14.3,80,3,N,9,1008.6,15.6,90,8,NNW,19,999.5
2021-07-27,13.5,16.9,30.4,5,5.2,WSW,67,05:12:00,15.3,62,7,WSW,20,1003.4,16.4,44,4,WSW,20,1007.7
2021-07-28,10.7,19.1,5.8,2.8,6.8,NNW,46,14:53:00,11.9,99,7,N,11,1012.4,15.2,83,7,NW,22,1009.3
2021-07-29,11.8,20.6,6.4,3.2,6,W,69,18:36:00,16.7,79,7,WNW,19,1002.9,20,63,5,WNW,22,1001.6
2021-07-30,12.5,16.3,7,4.6,5.1,SW,52,01:40:00,14.4,66,7,W,19,1004.3,14,64,6,WSW,22,1005.9
2021-07-31,7.9,16.2,6.4,2.8,4.9,WSW,39,22:03:00,10.3,93,6,NW,2,1014.8,14.5,58,5,WSW,15,1014.9
2021-08-01,9.7,15.1,8.8,3.8,5.9,SW,78,12:48:00,12.4,67,7,SW,30,1011.5,14,53,3,SSW,30,1014.9
2021-08-02,3.7,15.4,2.6,1.2,3.9,NNW,17,12:33:00,8.8,79,7,SSW,6,1026.4,14.5,69,7,N,7,1025.7
2021-08-03,8.8,17.6,0,1,2.9,S,19,20:35:00,11.5,87,6,NA,Calm,1030.9,16.8,55,7,ENE,6,1028.9
2021-08-04,6.3,19.3,0,1.2,9.6,SSE,20,12:33:00,12.5,77,1,S,4,1034,18.5,38,2,E,7,1031.5
2021-08-05,3.8,19.6,0,1.4,9.9,NE,28,13:02:00,12,67,0,SSW,9,1032.7,19,39,0,ENE,9,1028.8
2021-08-06,3.6,22.4,0,2,9.8,NNE,24,10:52:00,12.6,60,0,ENE,9,1027.1,22.1,27,0,NNE,9,1021.4
2021-08-07,6.5,18.5,0,5.2,1.8,NE,37,21:36:00,16.3,38,7,NNE,15,1016.9,15.6,70,8,N,11,1015.9
2021-08-08,11.8,19.5,3.8,0.6,1.8,WNW,43,23:11:00,15.4,99,7,N,13,1012.8,18.8,69,7,WNW,11,1011.1
2021-08-09,13.8,19.4,5.2,1,5.8,WNW,52,14:33:00,17,60,6,W,13,1010,17.7,60,6,WNW,20,1007.7
2021-08-10,9.7,14.4,6.4,4.2,6.2,SW,59,12:06:00,12.5,62,5,WSW,22,1010.8,13.9,51,4,SW,26,1015.3
2021-08-11,6.8,17.5,4.2,2,2.5,SSW,26,00:26:00,11,81,3,NNE,11,1029.3,16.9,54,7,WSW,9,1029.8
2021-08-12,9,18,1.2,1.2,5.9,SSW,24,15:12:00,13.2,84,1,S,9,1032.5,16.3,67,7,SW,13,1029.7
2021-08-13,5.1,20.9,0,2,10,NNE,30,12:58:00,12.8,79,1,SSE,6,1025.6,20.2,24,1,NW,9,1020.2
2021-08-14,4.1,20.8,0,2.8,10,S,26,15:27:00,12.5,66,1,NA,Calm,1023.7,19.5,52,3,SW,11,1022.4
2021-08-15,7.1,22.6,0,3.4,10.2,E,26,06:49:00,13.8,69,0,ESE,7,1028.9,22.3,36,0,NNE,11,1026.1
2021-08-16,11.1,24.9,0,3.8,10.2,NE,37,05:32:00,17.3,36,0,ENE,13,1027.8,24.7,31,0,ENE,13,1023.1
2021-08-17,13.3,25.1,0.2,5,9.5,N,31,03:27:00,19.8,52,1,NE,7,1020.8,22.2,67,1,WNW,13,1018
2021-08-18,11.3,20.7,1.2,3.2,8.8,SSW,24,11:27:00,16,97,6,SSE,9,1017,19.6,59,1,WSW,11,1014.7
2021-08-19,9.8,18.7,1,4.6,3.5,NNW,28,16:28:00,12.6,97,8,WSW,6,1014.3,17,89,7,NW,6,1013
2021-08-20,11.4,NA,11.8,0,7.4,NA,NA,NA,14.9,94,2,WSW,7,1019.4,17.1,72,7,SW,13,1019.3
2021-08-21,9.7,19,NA,2.6,2.4,SW,33,17:50:00,13.3,93,7,WNW,6,1020.6,16,81,3,SW,17,1018.9
2021-08-22,12.1,18.4,0.8,2,5.2,SSW,39,03:06:00,14,68,7,SSE,4,1024.1,17.5,47,6,SSE,7,1023.7
2021-08-23,5.3,18.5,0,1.8,10.4,ESE,30,11:05:00,12,65,6,E,11,1028.8,17.9,43,1,ESE,11,1025.8
2021-08-24,7.8,21.1,0,3.2,10.5,E,35,12:51:00,13.7,49,0,ENE,11,1025.4,20.7,30,0,ESE,15,1021.2
2021-08-25,12.6,24.7,0,8.8,9.4,NNE,31,04:23:00,16,38,0,NE,17,1017.3,21.5,40,0,WNW,15,1013.1
2021-08-26,12.5,19.5,0.6,3.4,4.4,WSW,46,12:52:00,16.8,80,6,WSW,9,1015.7,14.7,86,8,WSW,17,1015.3
2021-08-27,12.6,17.8,2.4,3.2,5.7,WSW,35,05:20:00,13.8,72,7,SSE,11,1021.7,15.8,57,7,SSW,13,1020.8
2021-08-28,9.4,18.7,0,2.6,2.8,SW,19,12:42:00,14.2,75,7,NNE,7,1022.7,18.3,48,7,S,7,1019.5
2021-08-29,12.1,19.4,2.4,1.4,6.2,W,35,11:39:00,13.7,94,7,NNE,7,1017.4,18.3,64,4,W,15,1015.3
2021-08-30,13.7,19.9,2.8,3,4.4,WNW,41,13:09:00,16.9,74,7,W,11,1015.7,18.8,65,7,W,15,1014.2
2021-08-31,12.9,20.5,1.2,2.4,7,WSW,31,01:22:00,16.8,82,6,WSW,9,1017.6,19.5,61,4,WNW,13,1014.2
